source,locality,city,bhk,price,price_unit,area_sqft,floor,furnishing,url,scraped_locality,lat,lng,location_exact,floor_missing,rent_per_sqft,metro_km
squareyards,Goregaon West,Mumbai,2,75000.0,per_month,617,33.0,furnished,https://www.squareyards.com/rental-2-bhk-617-sq-ft-apartment-in-chandak-34-park-estate/9825891,Goregaon West,19.167242,72.841577,True,0,121.6,5.7
squareyards,Bandra East,Mumbai,3,120000.0,per_month,1000,5.0,semi-furnished,https://www.squareyards.com/rental-3-bhk-extra-room-1000-sq-ft-apartment-in-shakti-sadan-apartment/10513129,Bandra East,19.058016,72.844382,True,0,120.0,1.12
squareyards,Malad East,Mumbai,2,80000.0,per_month,1000,11.0,furnished,https://www.squareyards.com/rental-2-bhk-1000-sq-ft-apartment-in-rushabh-apartment/10323403,Malad East,19.188328,72.860617,True,0,80.0,5.15
squareyards,Powai,Mumbai,2,75000.0,per_month,671,9.0,furnished,https://www.squareyards.com/rental-2-bhk-671-sq-ft-apartment-in-shapoorji-pallonji-vicinia/9877009,Powai,19.111612,72.902057,True,1,111.8,2.49
squareyards,Malad West,Mumbai,1,35000.0,per_month,400,9.0,semi-furnished,https://www.squareyards.com/rental-1-bhk-400-sq-ft-apartment-in-mayfair-housing-mayfair-marvel/10543968,Malad West,19.178532,72.838608,True,1,87.5,6.75
squareyards,Kandivali East,Mumbai,2,55000.0,per_month,1160,7.0,semi-furnished,https://www.squareyards.com/rental-2-bhk-prayer-room-1160-sq-ft-apartment-in-kandivali-east/10511072,Kandivali East,19.2004765,72.8736892,True,0,47.4,3.95
squareyards,Dahisar East,Mumbai,1,33000.0,per_month,410,11.0,semi-furnished,https://www.squareyards.com/rental-1-bhk-410-sq-ft-apartment-in-roswalt-ray/10487113,Dahisar East,19.248557,72.859999,True,0,80.5,0.74
squareyards,Bandra West,Mumbai,3,240000.0,per_month,1366,1.0,semi-furnished,https://www.squareyards.com/rental-3-bhk-prayer-room-1366-sq-ft-apartment-in-bandra-west/10536707,Bandra West,19.0865579894721,72.8810664643325,True,0,175.7,1.89
squareyards,Santacruz East,Mumbai,2,95000.0,per_month,750,20.0,semi-furnished,https://www.squareyards.com/rental-2-bhk-750-sq-ft-apartment-in-kalpataru-primus-residence/10544334,Santacruz East,19.075022,72.84948,True,0,126.7,0.54
squareyards,Powai,Mumbai,1,90000.0,per_month,400,14.0,furnished,https://www.squareyards.com/rental-1-bhk-400-sq-ft-apartment-in-hiranandani-regent-hill/10370763,Powai,19.116994,72.913059,True,0,225.0,3.74
squareyards,Malad West,Mumbai,2,75000.0,per_month,797,7.0,semi-furnished,https://www.squareyards.com/rental-2-bhk-797-sq-ft-apartment-in-raj-infinia/10545461,Malad West,19.189026,72.834793,True,0,94.1,5.88
squareyards,Santacruz East,Mumbai,2,90000.0,per_month,600,7.0,semi-furnished,https://www.squareyards.com/rental-2-bhk-600-sq-ft-apartment-in-kalpataru-primus-residence/10545829,Santacruz East,19.075022,72.84948,True,0,150.0,0.54
squareyards,Jogeshwari East,Mumbai,1,50000.0,per_month,435,12.0,unfurnished,https://www.squareyards.com/rental-1-bhk-435-sq-ft-apartment-in-kalpataru-vivant/10542496,Jogeshwari East,19.137776,72.861949,True,0,114.9,1.8
squareyards,Borivali East,Mumbai,2,48000.0,per_month,630,3.0,unfurnished,https://www.squareyards.com/rental-2-bhk-630-sq-ft-apartment-in-raghav-paradise/10513668,Borivali East,19.219068,72.868479,True,0,76.2,1.82
squareyards,Vikhroli West,Mumbai,1,48000.0,per_month,460,13.0,semi-furnished,https://www.squareyards.com/rental-1-bhk-study-room-460-sq-ft-apartment-in-ripl-aikya-roots/10542790,Vikhroli West,19.109105,72.923653,True,0,104.3,4.74
squareyards,Kandivali West,Mumbai,1,32000.0,per_month,386,12.0,semi-furnished,https://www.squareyards.com/rental-1-bhk-386-sq-ft-apartment-in-veena-smart-homes/10475712,Kandivali West,19.206228,72.821377,True,0,82.9,5.4
squareyards,Bhandup West,Mumbai,5,36000.0,per_month,540,9.0,semi-furnished,https://www.squareyards.com/rental-1-5-bhk-540-sq-ft-apartment-in-atul-horizon/10261528,Bhandup West,19.155035,72.941318,True,1,66.7,4.15
squareyards,Powai,Mumbai,1,141880.0,per_month,404,9.0,furnished,https://www.squareyards.com/rental-404-sq-ft-office-space-in-supreme-business-park/9540309,Powai,,,False,1,351.2,
squareyards,Powai,Mumbai,2,60000.0,per_month,800,9.0,unfurnished,https://www.squareyards.com/rental-2-bhk-study-room-800-sq-ft-apartment-in-lake-avenue-chs/10510331,Powai,19.12393,72.89533,True,1,75.0,2.28
squareyards,Mulund West,Mumbai,2,55000.0,per_month,606,9.0,unfurnished,https://www.squareyards.com/rental-2-bhk-606-sq-ft-apartment-in-piramal-revanta/10438742,Mulund West,19.167089,72.935158,True,1,90.8,3.55
squareyards,Lower Parel,Mumbai,4,220000.0,per_month,1129,15.0,semi-furnished,https://www.squareyards.com/rental-4-bhk-1129-sq-ft-apartment-in-darshan-rico/10223936,Lower Parel,19.0001926,72.8256762,True,0,194.9,0.88
squareyards,Lower Parel,Mumbai,4,220000.0,per_month,1100,9.0,unfurnished,https://www.squareyards.com/rental-4-bhk-1100-sq-ft-apartment-in-darshan-rico/10223614,Lower Parel,18.99253,72.824003,True,1,200.0,0.33
squareyards,Sakinaka,Mumbai,1,60000.0,per_month,460,5.0,furnished,https://www.squareyards.com/rental-1-bhk-460-sq-ft-apartment-in-pride-panorama-mumbai/10546073,Sakinaka,19.097184,72.884744,True,0,130.4,1.22
squareyards,Powai,Mumbai,2,85000.0,per_month,888,5.0,semi-furnished,https://www.squareyards.com/rental-2-bhk-prayer-room-888-sq-ft-apartment-in-shapoorji-pallonji-vicinia/10512070,Powai,19.111612,72.902057,True,0,95.7,2.49
squareyards,Prabhadevi,Mumbai,1,50000.0,per_month,375,12.0,unfurnished,https://www.squareyards.com/rental-1-bhk-prayer-room-375-sq-ft-apartment-in-kapila-chs/10541183,Prabhadevi,19.0137,72.832007,True,0,133.3,0.27
squareyards,Malad West,Mumbai,2,65000.0,per_month,700,5.0,semi-furnished,https://www.squareyards.com/rental-2-bhk-700-sq-ft-apartment-in-divya-smruthi/10428240,Malad West,19.180973,72.836672,True,0,92.9,6.58
squareyards,Malad West,Mumbai,1,55000.0,per_month,420,9.0,semi-furnished,https://www.squareyards.com/rental-420-sq-ft-office-space-in-kemp-plaza/10530034,Malad West,,,False,1,131.0,
squareyards,Malad West,Mumbai,2,70000.0,per_month,900,9.0,semi-furnished,https://www.squareyards.com/rental-2-bhk-900-sq-ft-apartment-in-asmita-sand-dunes/10515633,Malad West,19.177239,72.841579,True,1,77.8,6.62
squareyards,Pali Hill,Mumbai,4,600000.0,per_month,1800,9.0,semi-furnished,https://www.squareyards.com/rental-4-bhk-servant-room-extra-room-1800-sq-ft-apartment-in-rustomjee-parishram/9878899,Pali Hill,19.067719,72.827637,True,1,333.3,2.3
squareyards,Bandra West,Mumbai,2,150000.0,per_month,650,6.0,semi-furnished,https://www.squareyards.com/rental-2-bhk-650-sq-ft-apartment-in-bandra-west/9877290,Bandra West,19.05955960049545,72.82952886074781,True,0,230.8,2.38
squareyards,Ghatkopar East,Mumbai,2,50000.0,per_month,700,9.0,furnished,https://www.squareyards.com/rental-2-bhk-700-sq-ft-apartment-in-everest-gardens-chs/10364067,Ghatkopar East,19.0907441339125,72.9152309957184,True,1,71.4,4.33
squareyards,Andheri West,Mumbai,2,80000.0,per_month,815,5.0,semi-furnished,https://www.squareyards.com/rental-2-bhk-815-sq-ft-apartment-in-sagar-kanya/10364055,Andheri West,19.1280405,72.8163742,True,0,98.2,4.66
squareyards,Marol,Mumbai,2,60000.0,per_month,750,9.0,semi-furnished,https://www.squareyards.com/rental-2-bhk-750-sq-ft-apartment-in-navkar-panchavati-greens/10521010,Marol,19.122675,72.879283,True,1,80.0,0.69
squareyards,Sandesh Nagar,Mumbai,3,250000.0,per_month,1750,9.0,semi-furnished,https://www.squareyards.com/rental-3-bhk-pooja-room-servant-room-study-room-extra-room-basement-store-room-1750-sq-ft-apartment-in-sandesh-nagar/10363829,Sandesh Nagar,19.0865579894721,72.8810664643325,True,1,142.9,1.89
squareyards,Bandra East,Mumbai,3,310000.0,per_month,1389,3.0,furnished,https://www.squareyards.com/rental-3-bhk-extra-room-1389-sq-ft-apartment-in-adani-ten-bkc/9775135,Bandra East,19.056192,72.848892,True,0,223.2,0.79
squareyards,Andheri West,Mumbai,3,300000.0,per_month,1450,9.0,furnished,https://www.squareyards.com/rental-1450-sq-ft-office-space-in-citi-mall/10335844,Andheri West,,,False,1,206.9,
squareyards,Vikhroli East,Mumbai,2,45045.0,per_month,573,12.0,unfurnished,https://www.squareyards.com/rental-2-bhk-pooja-room-573-sq-ft-apartment-in-vaibhavlaxmi-templum-heights/10008535,Vikhroli East,19.119498,72.937862,True,0,78.6,6.35
squareyards,Kandivali East,Mumbai,3,88000.0,per_month,1622,22.0,semi-furnished,https://www.squareyards.com/rental-3-bhk-pooja-room-1622-sq-ft-apartment-in-kalpataru-vienta/10485637,Kandivali East,19.198204,72.855462,True,0,54.3,4.13
squareyards,Antop Hill,Mumbai,2,65000.0,per_month,900,2.0,furnished,https://www.squareyards.com/rental-2-bhk-extra-room-store-room-900-sq-ft-apartment-in-unity-wadala-chs/10530982,Antop Hill,19.02339,72.86888,True,0,72.2,2.7
squareyards,Wadala East,Mumbai,2,90000.0,per_month,800,1.0,furnished,https://www.squareyards.com/rental-2-bhk-800-sq-ft-apartment-in-dosti-acres-aster/10444868,Wadala East,19.02311,72.865931,True,0,112.5,2.81
squareyards,Andheri West,Mumbai,4,400000.0,per_month,2350,23.0,unfurnished,https://www.squareyards.com/rental-4-bhk-store-room-2350-sq-ft-apartment-in-windsor-grande-residences/10530589,Andheri West,19.151569,72.833298,True,0,170.2,5.11
squareyards,Chandivali,Mumbai,5,130000.0,per_month,850,6.0,furnished,https://www.squareyards.com/rental-2-5-bhk-pooja-room-850-sq-ft-apartment-in-nahar-amrit-shakti-frangipani/10464669,Chandivali,19.107837,72.89823,True,0,152.9,2.07
squareyards,Cuffe Parade,Mumbai,5,275000.0,per_month,1240,12.0,furnished,https://www.squareyards.com/rental-2-5-bhk-pooja-room-servant-room-study-room-1240-sq-ft-apartment-in-palm-springs-cuffe-parade/10428931,Cuffe Parade,18.91529,72.821723,True,0,221.8,0.22
squareyards,Lower Parel,Mumbai,2,150000.0,per_month,720,15.0,semi-furnished,https://www.squareyards.com/rental-2-bhk-extra-room-720-sq-ft-apartment-in-lower-parel/10484232,Lower Parel,18.9982461,72.82696460000001,True,0,208.3,0.97
squareyards,Bandra East,Mumbai,4,400000.0,per_month,1536,9.0,semi-furnished,https://www.squareyards.com/rental-4-bhk-1536-sq-ft-apartment-in-adani-ten-bkc/10275687,Bandra East,19.056192,72.848892,True,1,260.4,0.79
squareyards,Mulund East,Mumbai,2,100000.0,per_month,1350,25.0,furnished,https://www.squareyards.com/rental-2-bhk-1350-sq-ft-apartment-in-gagangiri-elanza-chs/10427578,Mulund East,19.162276,72.955732,True,0,74.1,2.82
squareyards,Powai,Mumbai,2,36000.0,per_month,657,2.0,unfurnished,https://www.squareyards.com/rental-2-bhk-prayer-room-657-sq-ft-apartment-in-hiranandani-brentwood-mumbai/10546774,Powai,19.118717,72.9102,True,0,54.8,3.51
squareyards,Sandesh Nagar,Mumbai,1,30000.0,per_month,470,9.0,semi-furnished,https://www.squareyards.com/rental-470-sq-ft-office-space-in-sandesh-nagar/10468917,Sandesh Nagar,,,False,1,63.8,
squareyards,Malad West,Mumbai,1,40000.0,per_month,600,12.0,unfurnished,https://www.squareyards.com/rental-1-bhk-600-sq-ft-apartment-in-shree-vallabh-apartment-malad/10439565,Malad West,19.177983,72.84021,True,0,66.7,6.74
squareyards,Borivali West,Mumbai,1,29000.0,per_month,420,2.0,semi-furnished,https://www.squareyards.com/rental-1-bhk-prayer-room-420-sq-ft-apartment-in-sea-grace-apartment/10530418,Borivali West,19.2442,72.845605,True,0,69.0,1.95
squareyards,Goregaon East,Mumbai,1,75000.0,per_month,400,9.0,furnished,https://www.squareyards.com/rental-400-sq-ft-office-space-in-atlanta-estate/10540389,Goregaon East,,,False,1,187.5,
squareyards,Kandivali West,Mumbai,3,85000.0,per_month,1150,15.0,unfurnished,https://www.squareyards.com/rental-3-bhk-1150-sq-ft-apartment-in-tanna-heights/10545759,Kandivali West,19.20186,72.84756,True,0,73.9,3.99
squareyards,Matunga,Mumbai,1,35000.0,per_month,300,9.0,semi-furnished,https://www.squareyards.com/rental-300-sq-ft-office-space-in-shah-building/10539741,Matunga,,,False,1,116.7,
squareyards,Malad East,Mumbai,2,75000.0,per_month,750,1.0,semi-furnished,https://www.squareyards.com/rental-2-bhk-pooja-room-750-sq-ft-apartment-in-a-and-o-f-residences-malad-east/10435058,Malad East,19.190878,72.861307,True,0,100.0,4.87
squareyards,Kalbadevi,Mumbai,1,90000.0,per_month,850,2.0,furnished,https://www.squareyards.com/rental-1-bhk-850-sq-ft-builder-floor-in-kalbadevi/10536172,Kalbadevi,18.947451,72.828589,True,0,105.9,0.19
squareyards,Goregaon East,Mumbai,2,75000.0,per_month,680,3.0,semi-furnished,https://www.squareyards.com/rental-2-bhk-680-sq-ft-apartment-in-rachaita-aarambh/10436521,Goregaon East,19.1744,72.8623,True,0,110.3,5.51
squareyards,Mulund West,Mumbai,2,65000.0,per_month,960,36.0,unfurnished,https://www.squareyards.com/rental-2-bhk-960-sq-ft-apartment-in-sheth-montana/10534200,Mulund West,19.170312,72.936647,True,0,67.7,3.21
squareyards,Borivali East,Mumbai,3,135000.0,per_month,1310,9.0,semi-furnished,https://www.squareyards.com/rental-3-bhk-1310-sq-ft-apartment-in-oberoi-sky-city/10504452,Borivali East,19.222276,72.864019,True,1,103.1,1.38
squareyards,Malad West,Mumbai,6,700000.0,per_month,4500,9.0,furnished,https://www.squareyards.com/rental-4500-sq-ft-office-space-in-k-rahega-palm-springs/10525646,Malad West,,,False,1,155.6,
squareyards,Sion,Mumbai,1,55000.0,per_month,450,14.0,furnished,https://www.squareyards.com/rental-1-bhk-450-sq-ft-apartment-in-adityaraj-pride/10500721,Sion,19.039554,72.868765,True,0,122.2,1.25
squareyards,Goregaon East,Mumbai,1,32000.0,per_month,425,6.0,furnished,https://www.squareyards.com/rental-1-bhk-425-sq-ft-apartment-in-acme-apna-ghar/10516866,Goregaon East,19.178495,72.869884,True,0,75.3,5.85
squareyards,Wadala East,Mumbai,2,120000.0,per_month,766,30.0,furnished,https://www.squareyards.com/rental-2-bhk-servant-room-766-sq-ft-apartment-in-wadala-east/10536044,Wadala East,19.0865579894721,72.8810664643325,True,0,156.7,1.89
squareyards,Mulund West,Mumbai,3,100000.0,per_month,1050,7.0,unfurnished,https://www.squareyards.com/rental-3-bhk-study-room-1050-sq-ft-apartment-in-oberoi-eternia/10523410,Mulund West,19.1725,72.938806,True,0,95.2,2.89
squareyards,Mahim,Mumbai,2,35000.0,per_month,532,5.0,semi-furnished,https://www.squareyards.com/rental-2-bhk-prayer-room-532-sq-ft-apartment-in-kanakia-miami/10538192,Mahim,19.043126,72.840376,True,0,65.8,0.54
squareyards,Mahim West,Mumbai,3,230000.0,per_month,1300,9.0,furnished,https://www.squareyards.com/rental-3-bhk-pooja-room-1300-sq-ft-apartment-in-citizen-apartment-mahim/10504097,Mahim West,19.03282,72.838,True,1,176.9,0.75
squareyards,Sandesh Nagar,Mumbai,5,140000.0,per_month,900,6.0,semi-furnished,https://www.squareyards.com/rental-1-5-bhk-servant-room-900-sq-ft-apartment-in-sandesh-nagar/10487259,Sandesh Nagar,19.0865579894721,72.8810664643325,True,0,155.6,1.89
squareyards,Mulund East,Mumbai,1,35000.0,per_month,465,3.0,furnished,https://www.squareyards.com/rental-1-bhk-465-sq-ft-apartment-in-atharwa-chs/10460648,Mulund East,19.165732,72.953027,True,0,75.3,2.53
squareyards,Gundavali,Mumbai,6,900000.0,per_month,2550,9.0,furnished,https://www.squareyards.com/rental-2550-sq-ft-office-space-in-gundavali/10461447,Gundavali,,,False,1,352.9,
squareyards,Borivali East,Mumbai,1,60000.0,per_month,250,9.0,unfurnished,https://www.squareyards.com/rental-250-sq-ft-retail-shop-in-maheshwari-bhuwan/10275079,Borivali East,,,False,1,240.0,
squareyards,Ghatkopar West,Mumbai,2,55000.0,per_month,600,14.0,semi-furnished,https://www.squareyards.com/rental-2-bhk-600-sq-ft-apartment-in-rockline-the-meridian-towers/10522273,Ghatkopar West,19.09653,72.914392,True,0,91.7,3.99
squareyards,Kandivali West,Mumbai,1,40000.0,per_month,430,4.0,furnished,https://www.squareyards.com/rental-1-bhk-430-sq-ft-apartment-in-bhoomi-shivam/10548756,Kandivali West,19.21618,72.83369,True,0,93.0,3.71
squareyards,Santacruz East,Mumbai,5,50000.0,per_month,704,3.0,semi-furnished,https://www.squareyards.com/rental-1-5-bhk-store-room-704-sq-ft-apartment-in-suchita-chs/10539104,Santacruz East,19.07862,72.86566,True,0,71.0,1.95
squareyards,Chedda Nagar,Mumbai,2,65000.0,per_month,1000,5.0,semi-furnished,https://www.squareyards.com/rental-2-bhk-servant-room-extra-room-store-room-1000-sq-ft-apartment-in-kutchi-sarvodaya-nagar/10535155,Chedda Nagar,19.06171833,72.91061102,True,0,65.0,1.44
squareyards,Worli,Mumbai,5,135000.0,per_month,1000,18.0,furnished,https://www.squareyards.com/rental-2-5-bhk-store-room-1000-sq-ft-apartment-in-amann-marina/10517234,Worli,19.01743,72.818638,True,0,135.0,0.98
squareyards,Andheri West,Mumbai,3,150000.0,per_month,1500,9.0,furnished,https://www.squareyards.com/rental-3-bhk-prayer-room-servant-room-1500-sq-ft-apartment-in-andheri-chs/10538206,Andheri West,19.118765,72.841925,True,1,100.0,1.92
squareyards,Santacruz West,Mumbai,3,250000.0,per_month,1100,5.0,semi-furnished,https://www.squareyards.com/rental-3-bhk-1100-sq-ft-apartment-in-santacruz-west/10541390,Santacruz West,19.082464,72.836957,True,0,227.3,1.12
squareyards,Andheri West,Mumbai,2,66000.0,per_month,752,1.0,unfurnished,https://www.squareyards.com/rental-2-bhk-752-sq-ft-apartment-in-andheri-west/10523860,Andheri West,19.0865579894721,72.8810664643325,True,0,87.8,1.89
squareyards,Andheri East,Mumbai,4,400000.0,per_month,2000,9.0,furnished,https://www.squareyards.com/rental-2000-sq-ft-office-space-in-akshay-chs-andheri-east/10422874,Andheri East,,,False,1,200.0,
squareyards,Powai,Mumbai,1,85000.0,per_month,520,9.0,semi-furnished,https://www.squareyards.com/rental-520-sq-ft-office-space-in-gateway-plaza/10477407,Powai,,,False,1,163.5,
squareyards,Mahalaxmi,Mumbai,2,200000.0,per_month,883,1.0,semi-furnished,https://www.squareyards.com/rental-2-bhk-study-room-883-sq-ft-apartment-in-prestige-jasdan-classic/10523363,Mahalaxmi,18.982069,72.831475,True,0,226.5,0.7
squareyards,Malad East,Mumbai,2,65000.0,per_month,700,9.0,furnished,https://www.squareyards.com/rental-2-bhk-700-sq-ft-apartment-in-swapnalok-towers/10542771,Malad East,19.17738,72.87081,True,1,92.9,5.72
squareyards,Mulund East,Mumbai,3,50000.0,per_month,790,9.0,unfurnished,https://www.squareyards.com/rental-3-bhk-prayer-room-servant-room-study-room-extra-room-store-room-790-sq-ft-apartment-in-mulund-east/10521822,Mulund East,19.0865579894721,72.8810664643325,True,1,63.3,1.89
squareyards,Mulund West,Mumbai,2,50000.0,per_month,1000,18.0,furnished,https://www.squareyards.com/rental-2-bhk-study-room-1000-sq-ft-apartment-in-mulund-west/10543436,Mulund West,19.0865579894721,72.8810664643325,True,0,50.0,1.89
squareyards,Malad West,Mumbai,1,48000.0,per_month,485,22.0,semi-furnished,https://www.squareyards.com/rental-1-bhk-485-sq-ft-apartment-in-ajmera-boulevard/10449131,Malad West,19.191133,72.837761,True,0,99.0,5.52
squareyards,Chembur,Mumbai,3,111000.0,per_month,1225,6.0,furnished,https://www.squareyards.com/rental-3-bhk-1225-sq-ft-apartment-in-sabari-shikhar/10511140,Chembur,19.055757,72.895153,True,0,90.6,0.31
squareyards,Andheri West,Mumbai,3,90000.0,per_month,1500,5.0,semi-furnished,https://www.squareyards.com/rental-3-bhk-prayer-room-1500-sq-ft-apartment-in-serenity-tower/10543771,Andheri West,19.129748,72.829156,True,0,60.0,3.73
squareyards,Sandesh Nagar,Mumbai,1,42000.0,per_month,265,4.0,semi-furnished,https://www.squareyards.com/rental-1-bhk-extra-room-265-sq-ft-apartment-in-sandesh-nagar/10484165,Sandesh Nagar,19.0865579894721,72.8810664643325,True,0,158.5,1.89
squareyards,Marol,Mumbai,1,30000.0,per_month,300,9.0,furnished,https://www.squareyards.com/rental-300-sq-ft-pg-in-marol/10474503,Marol,19.1185099,72.8730234,True,1,100.0,0.14
squareyards,Sion,Mumbai,1,50000.0,per_month,450,2.0,furnished,https://www.squareyards.com/rental-1-bhk-450-sq-ft-apartment-in-unique-tower/10542651,Sion,19.052195,72.876823,True,0,111.1,0.73
squareyards,Peddar Road,Mumbai,3,375000.0,per_month,1785,9.0,furnished,https://www.squareyards.com/rental-3-bhk-study-room-1785-sq-ft-apartment-in-vimla-mahal/10443996,Peddar Road,18.9728939316747,72.8090716723819,True,1,210.1,1.31
squareyards,Bandra West,Mumbai,4,400000.0,per_month,1600,9.0,furnished,https://www.squareyards.com/rental-4-bhk-1600-sq-ft-apartment-in-bandra-west/10456833,Bandra West,19.05955960049545,72.82952886074781,True,1,250.0,2.38
squareyards,Powai,Mumbai,3,185000.0,per_month,1365,9.0,semi-furnished,https://www.squareyards.com/rental-3-bhk-prayer-room-1365-sq-ft-apartment-in-hiranandani-gardens-octavius/10521903,Powai,19.114579,72.912815,True,1,135.5,3.66
squareyards,Goregaon West,Mumbai,6,350000.0,per_month,3500,9.0,,https://www.squareyards.com/rental-3500-sq-ft-industrial-plot-in-virwani-industrial-estate/10481628,Goregaon West,,,False,1,100.0,
squareyards,Malad East,Mumbai,2,27000.0,per_month,455,9.0,semi-furnished,https://www.squareyards.com/rental-2-bhk-prayer-room-455-sq-ft-apartment-in-malad-east/10515010,Malad East,19.0865579894721,72.8810664643325,True,1,59.3,1.89
squareyards,Jogeshwari West,Mumbai,3,120000.0,per_month,1500,10.0,semi-furnished,https://www.squareyards.com/rental-3-bhk-1500-sq-ft-apartment-in-lodha-bel-air/10408401,Jogeshwari West,19.142279,72.846198,True,0,80.0,3.41
squareyards,Bhandup West,Mumbai,2,45000.0,per_month,630,9.0,semi-furnished,https://www.squareyards.com/rental-2-bhk-630-sq-ft-apartment-in-atul-horizon/10261590,Bhandup West,19.155035,72.941318,True,1,71.4,4.15
squareyards,Kumbharwada,Mumbai,2,35000.0,per_month,532,5.0,semi-furnished,https://www.squareyards.com/rental-2-bhk-pooja-room-532-sq-ft-apartment-in-aman-house/10484179,Kumbharwada,18.959038,72.827104,True,0,65.8,0.93
squareyards,Vikhroli West,Mumbai,2,65000.0,per_month,750,12.0,semi-furnished,https://www.squareyards.com/rental-2-bhk-extra-room-750-sq-ft-apartment-in-ripl-aikya-roots/10513875,Vikhroli West,19.109105,72.923653,True,0,86.7,4.74
squareyards,Powai,Mumbai,1,55000.0,per_month,425,6.0,unfurnished,https://www.squareyards.com/rental-1-bhk-425-sq-ft-apartment-in-lnt-veridian/10540016,Powai,19.121229,72.893097,True,0,129.4,2.08
squareyards,Govandi,Mumbai,5,56000.0,per_month,777,12.0,furnished,https://www.squareyards.com/rental-1-5-bhk-777-sq-ft-apartment-in-mj-shah-centrio/10509433,Govandi,19.060419,72.914432,True,0,72.1,1.59
squareyards,Malad West,Mumbai,2,95000.0,per_month,765,32.0,semi-furnished,https://www.squareyards.com/rental-2-bhk-store-room-765-sq-ft-apartment-in-sheth-auris-serenity-tower-2/10511753,Malad West,19.191779,72.835777,True,0,124.2,5.56
squareyards,Byculla,Mumbai,2,115000.0,per_month,750,23.0,semi-furnished,https://www.squareyards.com/rental-2-bhk-750-sq-ft-apartment-in-piramal-aranya/10036494,Byculla,18.978219,72.840864,True,0,153.3,1.63
squareyards,Goregaon West,Mumbai,2,99000.0,per_month,800,9.0,furnished,https://www.squareyards.com/rental-800-sq-ft-office-space-in-corporate-arena/10488010,Goregaon West,,,False,1,123.8,
squareyards,Ghatkopar East,Mumbai,2,50000.0,per_month,550,12.0,semi-furnished,https://www.squareyards.com/rental-2-bhk-study-room-store-room-550-sq-ft-apartment-in-vaibhavlaxmi-east-syde/10492052,Ghatkopar East,19.088143,72.915071,True,0,90.9,4.28
squareyards,Powai,Mumbai,1,65000.0,per_month,650,12.0,semi-furnished,https://www.squareyards.com/rental-650-sq-ft-apartment-in-hiranandani-regent-hill/10489030,Powai,19.116994,72.913059,True,0,100.0,3.74
squareyards,Byculla West,Mumbai,3,220000.0,per_month,1450,45.0,unfurnished,https://www.squareyards.com/rental-3-bhk-servant-room-1450-sq-ft-apartment-in-marathon-monte-south/10495688,Byculla West,18.973979,72.830296,True,0,151.7,0.8
squareyards,Borivali East,Mumbai,5,35000.0,per_month,445,5.0,semi-furnished,https://www.squareyards.com/rental-1-5-bhk-445-sq-ft-apartment-in-triumph-omkareshwar-chs/10483204,Borivali East,19.21938,72.85777,True,0,78.7,1.79
squareyards,Andheri East,Mumbai,2,70000.0,per_month,700,9.0,furnished,https://www.squareyards.com/rental-2-bhk-700-sq-ft-apartment-in-lok-yamuna/10498938,Andheri East,19.121292,72.884916,True,1,100.0,1.27
squareyards,Jogeshwari East,Mumbai,2,80000.0,per_month,625,22.0,unfurnished,https://www.squareyards.com/rental-2-bhk-625-sq-ft-apartment-in-avant-heritage/10542393,Jogeshwari East,19.138506,72.859044,True,0,128.0,2.08
squareyards,Bandra East,Mumbai,2,90000.0,per_month,635,3.0,semi-furnished,https://www.squareyards.com/rental-2-bhk-635-sq-ft-apartment-in-gurukrupa-nirmalam/9897271,Bandra East,19.060602,72.845185,True,0,141.7,1.0
squareyards,Juhu,Mumbai,2,285360.0,per_month,807,9.0,furnished,https://www.squareyards.com/rental-807-sq-ft-office-space-in-juhu/9539970,Juhu,,,False,1,353.6,
squareyards,Wadala East,Mumbai,1,55000.0,per_month,353,10.0,furnished,https://www.squareyards.com/rental-1-bhk-353-sq-ft-apartment-in-ajmera-greenfinity/10543255,Wadala East,19.031484,72.881586,True,0,155.8,1.62
squareyards,Malad East,Mumbai,2,65000.0,per_month,800,21.0,semi-furnished,https://www.squareyards.com/rental-2-bhk-servant-room-800-sq-ft-apartment-in-dynamix-divum/10262285,Malad East,19.178041,72.871778,True,0,81.2,5.79
squareyards,Malad East,Mumbai,1,35000.0,per_month,400,2.0,furnished,https://www.squareyards.com/rental-1-bhk-study-room-400-sq-ft-apartment-in-apna-ghar-chs/10484455,Malad East,19.177851,72.869853,True,0,87.5,5.78
squareyards,Mulund West,Mumbai,2,50000.0,per_month,840,9.0,furnished,https://www.squareyards.com/rental-2-bhk-840-sq-ft-apartment-in-highland-park/10363563,Mulund West,19.169956,72.931871,True,1,59.5,3.65
squareyards,Goregaon West,Mumbai,2,140000.0,per_month,650,12.0,furnished,https://www.squareyards.com/rental-2-bhk-650-sq-ft-apartment-in-wadhwa-imperial-altitude/10527489,Goregaon West,19.163167,72.83922,True,0,215.4,5.5
squareyards,Sakinaka,Mumbai,3,100000.0,per_month,924,12.0,semi-furnished,https://www.squareyards.com/rental-3-bhk-924-sq-ft-apartment-in-pride-panorama-mumbai/10510355,Sakinaka,19.097184,72.884744,True,0,108.2,1.22
squareyards,Worli,Mumbai,1,80000.0,per_month,480,13.0,unfurnished,https://www.squareyards.com/rental-1-bhk-prayer-room-480-sq-ft-apartment-in-adarsh-nagar-chs-worli/10534517,Worli,19.014238,72.823164,True,0,166.7,0.75
squareyards,Powai,Mumbai,2,115000.0,per_month,723,20.0,furnished,https://www.squareyards.com/rental-2-bhk-723-sq-ft-apartment-in-kanakia-silicon-valley/10423662,Powai,19.118357,72.91856,True,0,159.1,4.34
squareyards,Ghatkopar East,Mumbai,2,75500.0,per_month,755,6.0,semi-furnished,https://www.squareyards.com/rental-2-bhk-pooja-room-755-sq-ft-builder-floor-in-ghatkopar-east/10485468,Ghatkopar East,19.079073,72.907978,True,0,100.0,3.11
squareyards,Wadala East,Mumbai,2,85000.0,per_month,1000,10.0,semi-furnished,https://www.squareyards.com/rental-2-bhk-store-room-1000-sq-ft-apartment-in-dosti-acres-aster/10461329,Wadala East,19.02311,72.865931,True,0,85.0,2.81
squareyards,Khar West,Mumbai,2,210000.0,per_month,910,3.0,furnished,https://www.squareyards.com/rental-2-bhk-910-sq-ft-apartment-in-khar-west/10536699,Khar West,19.069785,72.834683,True,0,230.8,1.54
squareyards,Oshiwara,Mumbai,3,185000.0,per_month,1119,24.0,semi-furnished,https://www.squareyards.com/rental-3-bhk-1119-sq-ft-apartment-in-oshiwara/10305238,Oshiwara,19.0865579894721,72.8810664643325,True,0,165.3,1.89
squareyards,Malad West,Mumbai,2,65000.0,per_month,740,10.0,semi-furnished,https://www.squareyards.com/rental-2-bhk-740-sq-ft-apartment-in-united-unity-heights/10390309,Malad West,19.179695,72.846652,True,0,87.8,6.35
squareyards,Malad East,Mumbai,1,54000.0,per_month,475,9.0,semi-furnished,https://www.squareyards.com/rental-1-bhk-475-sq-ft-apartment-in-k-raheja-raheja-residency/10442673,Malad East,19.177501,72.876135,True,1,113.7,5.73
squareyards,Kamala Mill,Mumbai,2,130000.0,per_month,650,2.0,furnished,https://www.squareyards.com/rental-2-bhk-650-sq-ft-apartment-in-kamala-mill/10134894,Kamala Mill,19.0594403,72.9304385,True,0,200.0,2.78
squareyards,Shimpoli,Mumbai,1,35000.0,per_month,181,9.0,unfurnished,https://www.squareyards.com/rental-181-sq-ft-retail-shop-in-shimpoli/10517902,Shimpoli,,,False,1,193.4,
squareyards,Ghatkopar East,Mumbai,2,75000.0,per_month,750,12.0,unfurnished,https://www.squareyards.com/rental-2-bhk-store-room-750-sq-ft-apartment-in-silver-kakkad/10525275,Ghatkopar East,19.0784,72.9032,True,0,100.0,2.91
squareyards,Kurla,Mumbai,1,40000.0,per_month,440,7.0,unfurnished,https://www.squareyards.com/rental-1-bhk-440-sq-ft-apartment-in-sayba-tulip/10509943,Kurla,19.0672,72.8767,True,0,90.9,2.23
squareyards,Mindspace,Mumbai,3,190000.0,per_month,1140,9.0,furnished,https://www.squareyards.com/rental-1140-sq-ft-office-space-in-mindspace/10444444,Mindspace,,,False,1,166.7,
squareyards,Byculla,Mumbai,3,250000.0,per_month,1565,9.0,semi-furnished,https://www.squareyards.com/rental-3-bhk-pooja-room-servant-room-1565-sq-ft-apartment-in-piramal-aranya-avyan/10455122,Byculla,18.978219,72.840864,True,1,159.7,1.63
squareyards,Borivali West,Mumbai,1,40000.0,per_month,450,5.0,semi-furnished,https://www.squareyards.com/rental-1-bhk-450-sq-ft-apartment-in-prathamesh-horizon/10525960,Borivali West,19.2277714234062,72.8405237342107,True,0,88.9,2.49
squareyards,Goregaon West,Mumbai,3,90000.0,per_month,882,2.0,furnished,https://www.squareyards.com/rental-3-bhk-882-sq-ft-apartment-in-chandak-stella/10438766,Goregaon West,19.172208,72.846954,True,0,102.0,5.86
squareyards,Khar West,Mumbai,1,165000.0,per_month,460,9.0,unfurnished,https://www.squareyards.com/rental-460-sq-ft-office-space-in-gm-amore-edge/10311436,Khar West,,,False,1,358.7,
squareyards,Parel,Mumbai,2,135000.0,per_month,952,9.0,semi-furnished,https://www.squareyards.com/rental-2-bhk-pooja-room-952-sq-ft-apartment-in-piramal-chambers/10505573,Parel,18.995353,72.838313,True,1,141.8,1.85
squareyards,Santacruz West,Mumbai,3,225000.0,per_month,1100,9.0,unfurnished,https://www.squareyards.com/rental-3-bhk-1100-sq-ft-apartment-in-goghari-mansion-chs/9755651,Santacruz West,19.079075,72.84031667,True,1,204.5,0.72
squareyards,Shashtri Nagar,Mumbai,4,251000.0,per_month,1450,9.0,furnished,https://www.squareyards.com/rental-4-bhk-1450-sq-ft-builder-floor-in-shashtri-nagar/10306383,Shashtri Nagar,19.138789,72.828837,True,1,173.1,4.52
squareyards,Goregaon West,Mumbai,2,105000.0,per_month,700,9.0,furnished,https://www.squareyards.com/rental-700-sq-ft-office-space-in-corporate-arena/10485513,Goregaon West,,,False,1,150.0,
squareyards,Worli,Mumbai,4,800000.0,per_month,3200,1.0,furnished,https://www.squareyards.com/rental-4-bhk-pooja-room-servant-room-study-room-store-room-3200-sq-ft-apartment-in-worli/10322425,Worli,18.9986406,72.8173599,True,0,250.0,0.1
squareyards,Parel,Mumbai,1,80000.0,per_month,500,12.0,furnished,https://www.squareyards.com/rental-1-bhk-store-room-500-sq-ft-apartment-in-bhairav-darshan/10511084,Parel,19.008201,72.833958,True,0,160.0,0.91
squareyards,Mahalaxmi,Mumbai,3,235000.0,per_month,1622,34.0,semi-furnished,https://www.squareyards.com/rental-3-bhk-1622-sq-ft-apartment-in-prestige-jasdan-classic/10381469,Mahalaxmi,18.982069,72.831475,True,0,144.9,0.7
squareyards,Goregaon West,Mumbai,5,45000.0,per_month,550,3.0,semi-furnished,https://www.squareyards.com/rental-1-5-bhk-extra-room-550-sq-ft-apartment-in-jal-padma-chs/10171537,Goregaon West,19.16467666,72.83242502,True,0,81.8,6.11
squareyards,Sion,Mumbai,1,160000.0,per_month,400,9.0,semi-furnished,https://www.squareyards.com/rental-400-sq-ft-retail-shop-in-siddha-sky/10414260,Sion,,,False,1,400.0,
squareyards,Goregaon East,Mumbai,2,85000.0,per_month,713,28.0,furnished,https://www.squareyards.com/rental-2-bhk-713-sq-ft-apartment-in-romell-aether/10430881,Goregaon East,19.169767,72.852983,True,0,119.2,5.33
squareyards,Lower Parel,Mumbai,3,351000.0,per_month,2060,19.0,semi-furnished,https://www.squareyards.com/rental-3-bhk-extra-room-2060-sq-ft-apartment-in-indiabulls-sky-forest/10512010,Lower Parel,19.0078,72.832977,True,0,170.4,0.93
squareyards,Asha Nagar,Mumbai,1,32000.0,per_month,450,9.0,semi-furnished,https://www.squareyards.com/rental-1-bhk-450-sq-ft-apartment-in-asha-nagar/10244053,Asha Nagar,19.168134,72.9423656,True,1,71.1,2.92
squareyards,Goregaon West,Mumbai,4,350000.0,per_month,2800,30.0,furnished,https://www.squareyards.com/rental-4-bhk-pooja-room-2800-sq-ft-apartment-in-imperial-heights-goregaon-west/10367336,Goregaon West,19.15205,72.8400958,True,0,125.0,4.57
squareyards,Malad East,Mumbai,2,65000.0,per_month,750,9.0,semi-furnished,https://www.squareyards.com/rental-2-bhk-pooja-room-750-sq-ft-apartment-in-je-and-vee-vrindavan/10451210,Malad East,19.177528,72.865805,True,1,86.7,5.79
squareyards,Sion,Mumbai,2,45000.0,per_month,570,4.0,semi-furnished,https://www.squareyards.com/rental-2-bhk-570-sq-ft-apartment-in-sion/10435369,Sion,19.0427504,72.87074799999999,True,0,78.9,0.9
squareyards,Chunabhatti,Mumbai,1,46000.0,per_month,450,6.0,semi-furnished,https://www.squareyards.com/rental-1-bhk-450-sq-ft-apartment-in-sarita-apartment-chunabhatti/10530987,Chunabhatti,19.05318018,72.8771438,True,0,102.2,0.83
squareyards,Mulund East,Mumbai,3,80000.0,per_month,1054,7.0,semi-furnished,https://www.squareyards.com/rental-3-bhk-1054-sq-ft-apartment-in-jvm-monica-gardens/10456915,Mulund East,19.169745,72.963963,True,0,75.9,1.94
squareyards,Goregaon East,Mumbai,1,42000.0,per_month,430,7.0,furnished,https://www.squareyards.com/rental-1-bhk-430-sq-ft-apartment-in-bhoomi-gokul/10522102,Goregaon East,19.177784,72.865787,True,0,97.7,5.82
squareyards,Andheri East,Mumbai,3,180000.0,per_month,1200,9.0,semi-furnished,https://www.squareyards.com/rental-1200-sq-ft-retail-shop-in-aditi-chs-andheri/10446846,Andheri East,,,False,1,150.0,
squareyards,Tardeo,Mumbai,2,90000.0,per_month,580,36.0,semi-furnished,https://www.squareyards.com/rental-2-bhk-580-sq-ft-apartment-in-tardeo/10404620,Tardeo,18.9657267,72.81327519999999,True,0,155.2,0.57
squareyards,Powai,Mumbai,2,135000.0,per_month,1250,12.0,semi-furnished,https://www.squareyards.com/rental-2-bhk-store-room-1250-sq-ft-apartment-in-castle-rock/10477376,Powai,19.116687,72.913884,True,0,108.0,3.82
squareyards,Goregaon West,Mumbai,2,75000.0,per_month,950,12.0,unfurnished,https://www.squareyards.com/rental-2-bhk-950-sq-ft-apartment-in-kapil-vastu/10441138,Goregaon West,19.160017,72.838296,True,0,78.9,5.31
squareyards,Santacruz East,Mumbai,1,35000.0,per_month,308,1.0,semi-furnished,https://www.squareyards.com/rental-1-rk-308-sq-ft-apartment-in-golden-tower-santacruz/10067155,Santacruz East,19.073108,72.863434,True,0,113.6,1.52
squareyards,Goregaon East,Mumbai,1,32000.0,per_month,425,666.0,furnished,https://www.squareyards.com/rental-1-bhk-425-sq-ft-apartment-in-acme-apna-ghar/10517967,Goregaon East,19.178495,72.869884,True,0,75.3,5.85
squareyards,Santacruz East,Mumbai,2,45000.0,per_month,500,3.0,furnished,https://www.squareyards.com/rental-2-bhk-extra-room-500-sq-ft-apartment-in-santacruz-east/10200687,Santacruz East,19.078878366499616,72.85003066062927,True,0,90.0,0.31
squareyards,Kandivali East,Mumbai,1,35000.0,per_month,700,19.0,unfurnished,https://www.squareyards.com/rental-1-bhk-700-sq-ft-apartment-in-godrej-tranquil/10045651,Kandivali East,19.195089,72.868001,True,0,50.0,4.42
squareyards,Malad West,Mumbai,2,110000.0,per_month,760,9.0,furnished,https://www.squareyards.com/rental-760-sq-ft-office-space-in-bhoomi-9-business-bay/10520977,Malad West,,,False,1,144.7,
squareyards,Kherwadi,Mumbai,3,170000.0,per_month,866,20.0,furnished,https://www.squareyards.com/rental-3-bhk-866-sq-ft-apartment-in-kherwadi/10443138,Kherwadi,19.0620442,72.84579839999999,True,0,196.3,0.95
squareyards,Powai,Mumbai,3,130000.0,per_month,800,1002.0,semi-furnished,https://www.squareyards.com/rental-3-bhk-800-sq-ft-apartment-in-hiranandani-highland/10405999,Powai,19.118103,72.912369,True,0,162.5,3.71
squareyards,Andheri East,Mumbai,1,41000.0,per_month,400,9.0,semi-furnished,https://www.squareyards.com/rental-1-bhk-400-sq-ft-apartment-in-neel-sarovar/10020620,Andheri East,19.117192,72.872057,True,1,102.5,0.16
squareyards,Borivali West,Mumbai,1,40000.0,per_month,450,4.0,furnished,https://www.squareyards.com/rental-1-bhk-prayer-room-450-sq-ft-apartment-in-panchayatan-chs/10525179,Borivali West,19.2424712906651,72.8458664895492,True,0,88.9,1.92
squareyards,Kanjurmarg East,Mumbai,3,110000.0,per_month,1080,12.0,furnished,https://www.squareyards.com/rental-3-bhk-1080-sq-ft-apartment-in-runwal-bliss/10494635,Kanjurmarg East,19.133424,72.9348,True,0,101.9,6.47
squareyards,Prabhadevi,Mumbai,3,400000.0,per_month,1300,15.0,semi-furnished,https://www.squareyards.com/rental-3-bhk-1300-sq-ft-apartment-in-rustomjee-crown/10494863,Prabhadevi,19.010713,72.830626,True,0,307.7,0.58
squareyards,Bandra West,Mumbai,3,150000.0,per_month,1000,9.0,furnished,https://www.squareyards.com/rental-3-bhk-1000-sq-ft-apartment-in-silva-croft-apartment/10196800,Bandra West,19.05969833,72.82694667,True,1,150.0,2.62
squareyards,Chembur,Mumbai,3,417930.0,per_month,1130,9.0,furnished,https://www.squareyards.com/rental-1130-sq-ft-office-space-in-chembur/10354358,Chembur,,,False,1,369.8,
squareyards,Govandi,Mumbai,5,48000.0,per_month,600,12.0,unfurnished,https://www.squareyards.com/rental-1-5-bhk-600-sq-ft-apartment-in-mj-shah-centrio/10513685,Govandi,19.060419,72.914432,True,0,80.0,1.59
squareyards,Borivali East,Mumbai,3,97000.0,per_month,1580,15.0,furnished,https://www.squareyards.com/rental-3-bhk-pooja-room-study-room-1580-sq-ft-apartment-in-kanakia-samarpan/10498007,Borivali East,19.2160770573922,72.8666659950415,True,0,61.4,2.09
squareyards,Chembur,Mumbai,3,110000.0,per_month,1220,6.0,furnished,https://www.squareyards.com/rental-3-bhk-1220-sq-ft-apartment-in-sabari-shikhar/10450996,Chembur,19.055757,72.895153,True,0,90.2,0.31
squareyards,Dahisar East,Mumbai,2,58000.0,per_month,656,16.0,semi-furnished,https://www.squareyards.com/rental-2-bhk-656-sq-ft-apartment-in-n-rose-northern-heights-dahisar/10465300,Dahisar East,19.24848,72.86442,True,0,88.4,0.59
squareyards,Powai,Mumbai,2,111000.0,per_month,600,7.0,furnished,https://www.squareyards.com/rental-2-bhk-prayer-room-600-sq-ft-apartment-in-hiranandani-highland/10512052,Powai,19.118103,72.912369,True,0,185.0,3.71
squareyards,Juhu,Mumbai,2,90000.0,per_month,600,1.0,furnished,https://www.squareyards.com/rental-2-bhk-prayer-room-600-sq-ft-apartment-in-jal-darshan-apartment-juhu/10542793,Juhu,19.11436,72.82445,True,0,150.0,3.25
squareyards,Jogeshwari West,Mumbai,2,85000.0,per_month,850,4.0,furnished,https://www.squareyards.com/rental-2-bhk-850-sq-ft-apartment-in-dheeraj-gaurav-heights/10008377,Jogeshwari West,19.140744,72.834016,True,0,100.0,4.42
squareyards,Worli,Mumbai,2,150000.0,per_month,900,2.0,furnished,https://www.squareyards.com/rental-2-bhk-study-room-900-sq-ft-apartment-in-by-apartment/10547715,Worli,18.997648,72.81563,True,0,166.7,0.22
squareyards,Borivali East,Mumbai,2,64000.0,per_month,650,9.0,semi-furnished,https://www.squareyards.com/rental-2-bhk-650-sq-ft-apartment-in-kanakia-spaces-aroha/10431529,Borivali East,19.224424,72.860548,True,1,98.5,1.17
squareyards,Borivali East,Mumbai,2,50000.0,per_month,640,9.0,semi-furnished,https://www.squareyards.com/rental-2-bhk-640-sq-ft-apartment-in-samved-madhukunj-chs/10538110,Borivali East,19.218602,72.859474,True,1,78.1,1.82
squareyards,Malad East,Mumbai,2,65000.0,per_month,700,5.0,semi-furnished,https://www.squareyards.com/rental-2-bhk-pooja-room-servant-room-study-room-extra-room-basement-store-room-700-sq-ft-apartment-in-riddhi-gardens-chs/10061060,Malad East,19.1782443,72.8720713,True,0,92.9,5.81
squareyards,Dahisar East,Mumbai,1,36000.0,per_month,390,9.0,semi-furnished,https://www.squareyards.com/rental-1-bhk-390-sq-ft-apartment-in-roswalt-ray/10540093,Dahisar East,19.248557,72.859999,True,1,92.3,0.74
squareyards,Andheri West,Mumbai,2,69000.0,per_month,850,9.0,semi-furnished,https://www.squareyards.com/rental-2-bhk-pooja-room-850-sq-ft-apartment-in-shubham-chs-andheri-west/10436708,Andheri West,19.125281,72.822148,True,1,81.2,3.99
squareyards,Sandesh Nagar,Mumbai,3,251000.0,per_month,1751,9.0,semi-furnished,https://www.squareyards.com/rental-3-bhk-pooja-room-servant-room-study-room-extra-room-basement-1751-sq-ft-builder-floor-in-sandesh-nagar/10486973,Sandesh Nagar,19.08668,72.880956,True,1,143.3,1.87
squareyards,Borivali West,Mumbai,1,112000.0,per_month,536,9.0,unfurnished,https://www.squareyards.com/rental-536-sq-ft-office-space-in-kosmos-express-tower-chs/9896559,Borivali West,,,False,1,209.0,
squareyards,Kurla West,Mumbai,1,65000.0,per_month,456,3.0,furnished,https://www.squareyards.com/rental-1-bhk-456-sq-ft-apartment-in-shreeji-bkc-crown/10475247,Kurla West,19.072327,72.876614,True,0,142.5,2.64
squareyards,Mulund West,Mumbai,1,40000.0,per_month,624,2.0,semi-furnished,https://www.squareyards.com/rental-1-bhk-pooja-room-624-sq-ft-builder-floor-in-ambe-ashish/10132769,Mulund West,19.16520333,72.94918667,True,0,64.1,2.76
squareyards,Mahim West,Mumbai,5,240000.0,per_month,1100,19.0,semi-furnished,https://www.squareyards.com/rental-2-5-bhk-prayer-room-servant-room-study-room-extra-room-basement-store-room-1100-sq-ft-apartment-in-prescon-midtown-bay/10513649,Mahim West,19.03598,72.840055,True,0,218.2,0.34
squareyards,Bandra East,Mumbai,4,250000.0,per_month,2600,12.0,semi-furnished,https://www.squareyards.com/rental-4-bhk-extra-room-2600-sq-ft-apartment-in-dheeraj-insignia/10501131,Bandra East,19.062266,72.86457,True,0,96.2,1.05
squareyards,Mulund West,Mumbai,2,60000.0,per_month,688,15.0,unfurnished,https://www.squareyards.com/rental-2-bhk-688-sq-ft-apartment-in-the-wadhwa-atmosphere/10220691,Mulund West,19.15845,72.94743,True,0,87.2,3.51
squareyards,Powai,Mumbai,4,300000.0,per_month,2200,7.0,semi-furnished,https://www.squareyards.com/rental-4-bhk-servant-room-2200-sq-ft-apartment-in-l-and-t-emerald-isle/10489598,Powai,19.123388,72.894532,True,0,136.4,2.2
squareyards,Goregaon East,Mumbai,3,110000.0,per_month,950,14.0,semi-furnished,https://www.squareyards.com/rental-3-bhk-950-sq-ft-apartment-in-h-rishabraj-serenity-decks/10446540,Goregaon East,19.174215,72.865608,True,0,115.8,5.43
squareyards,Powai,Mumbai,3,240000.0,per_month,1500,20.0,semi-furnished,https://www.squareyards.com/rental-3-bhk-servant-room-1500-sq-ft-apartment-in-raj-grandeur/10463958,Powai,19.121325,72.918361,True,0,160.0,4.42
squareyards,Prabhadevi,Mumbai,2,170000.0,per_month,1700,10.0,semi-furnished,https://www.squareyards.com/rental-2-bhk-pooja-room-1700-sq-ft-apartment-in-cosmos-majestic/10489350,Prabhadevi,19.016439,72.828143,True,0,100.0,0.3
squareyards,Kanjurmarg West,Mumbai,2,65000.0,per_month,555,11.0,semi-furnished,https://www.squareyards.com/rental-2-bhk-extra-room-555-sq-ft-apartment-in-sheth-avante/10527140,Kanjurmarg West,19.130098,72.926611,True,0,117.1,5.57
squareyards,Andheri East,Mumbai,3,115000.0,per_month,1300,6.0,furnished,https://www.squareyards.com/rental-3-bhk-store-room-1300-sq-ft-apartment-in-mahavir-classik-complex/10512293,Andheri East,19.095608,72.8761282,True,0,88.5,0.77
squareyards,Malad East,Mumbai,1,36000.0,per_month,450,6.0,unfurnished,https://www.squareyards.com/rental-1-bhk-prayer-room-450-sq-ft-apartment-in-mauli-pride/10540631,Malad East,19.187209,72.858713,True,0,80.0,5.29
squareyards,Goregaon West,Mumbai,5,220000.0,per_month,1550,35.0,furnished,https://www.squareyards.com/rental-3-5-bhk-pooja-room-servant-room-study-room-1550-sq-ft-apartment-in-imperial-heights-goregaon-west/10495823,Goregaon West,19.151909,72.839993,True,0,141.9,4.57
squareyards,Ghatkopar East,Mumbai,5,100000.0,per_month,1200,7.0,unfurnished,https://www.squareyards.com/rental-3-5-bhk-pooja-room-1200-sq-ft-apartment-in-hubtown-rising-city/10447471,Ghatkopar East,19.06913,72.91142,True,0,83.3,2.18
squareyards,Ghatkopar West,Mumbai,4,380000.0,per_month,2891,1101.0,furnished,https://www.squareyards.com/rental-4-bhk-servant-room-2891-sq-ft-apartment-in-the-wadhwa-the-address-vista/10480213,Ghatkopar West,19.096976,72.919728,True,0,131.4,4.51
squareyards,Vikhroli East,Mumbai,5,225000.0,per_month,1125,11.0,semi-furnished,https://www.squareyards.com/rental-3-5-bhk-extra-room-1125-sq-ft-apartment-in-godrej-the-trees/10506748,Vikhroli East,19.092531,72.922302,True,0,200.0,4.93
squareyards,Dadar West,Mumbai,2,95000.0,per_month,950,2.0,semi-furnished,https://www.squareyards.com/rental-2-bhk-extra-room-950-sq-ft-apartment-in-dadar-west/10537204,Dadar West,19.0865579894721,72.8810664643325,True,0,100.0,1.89
squareyards,Andheri East,Mumbai,3,130000.0,per_month,1250,10.0,semi-furnished,https://www.squareyards.com/rental-3-bhk-prayer-room-servant-room-study-room-extra-room-store-room-1250-sq-ft-apartment-in-mahindra-vivante/10524005,Andheri East,19.118165,72.858469,True,0,104.0,1.45
squareyards,Jogeshwari East,Mumbai,2,65000.0,per_month,860,402.0,furnished,https://www.squareyards.com/rental-2-bhk-prayer-room-servant-room-study-room-extra-room-basement-860-sq-ft-apartment-in-vastu-riddhi/10536718,Jogeshwari East,19.128792,72.858664,True,0,75.6,1.61
squareyards,Borivali West,Mumbai,1,31000.0,per_month,460,2.0,semi-furnished,https://www.squareyards.com/rental-1-bhk-460-sq-ft-apartment-in-jai-punit-nagar-chs/10489429,Borivali West,19.2151224,72.850671,True,0,67.4,2.53
squareyards,Kanjurmarg West,Mumbai,3,107000.0,per_month,1129,7.0,semi-furnished,https://www.squareyards.com/rental-3-bhk-extra-room-1129-sq-ft-apartment-in-runwal-forests/10490077,Kanjurmarg West,19.136516,72.932046,True,0,94.8,6.24
squareyards,Powai,Mumbai,2,77000.0,per_month,1100,1.0,furnished,https://www.squareyards.com/rental-2-bhk-store-room-1100-sq-ft-apartment-in-harshvardhan-chs-powai/10512655,Powai,19.116996,72.891654,True,0,70.0,1.67
squareyards,Goregaon West,Mumbai,1,45000.0,per_month,460,3.0,semi-furnished,https://www.squareyards.com/rental-1-bhk-pooja-room-study-room-460-sq-ft-apartment-in-balkrishna-bhavan-chs/10506322,Goregaon West,19.16519,72.85585,True,0,97.8,4.75
squareyards,Kanjurmarg East,Mumbai,2,80000.0,per_month,785,31.0,furnished,https://www.squareyards.com/rental-2-bhk-extra-room-785-sq-ft-apartment-in-runwal-bliss/10529688,Kanjurmarg East,19.133424,72.9348,True,0,101.9,6.47
squareyards,Malad West,Mumbai,2,62000.0,per_month,800,5.0,furnished,https://www.squareyards.com/rental-2-bhk-prayer-room-800-sq-ft-apartment-in-vikas-park-chs/10544283,Malad West,19.194852,72.833436,True,0,77.5,5.41
squareyards,Sakinaka,Mumbai,1,52000.0,per_month,470,5.0,furnished,https://www.squareyards.com/rental-1-bhk-study-room-470-sq-ft-apartment-in-sagar-heritage/10540449,Sakinaka,19.10262057,72.88663818,True,0,110.6,1.07
squareyards,Borivali West,Mumbai,1,31000.0,per_month,430,1.0,unfurnished,https://www.squareyards.com/rental-1-bhk-430-sq-ft-apartment-in-mulji-nagar-chs/10516062,Borivali West,19.21757355,72.85110619,True,0,72.1,2.28
squareyards,Andheri West,Mumbai,2,125000.0,per_month,800,11.0,furnished,https://www.squareyards.com/rental-2-bhk-store-room-800-sq-ft-apartment-in-platinum-prive/10535331,Andheri West,19.121752,72.831366,True,0,156.2,2.97
squareyards,Malad East,Mumbai,2,65000.0,per_month,900,10.0,unfurnished,https://www.squareyards.com/rental-2-bhk-prayer-room-900-sq-ft-apartment-in-dgs-sheetal-ekta/10510698,Malad East,19.175479,72.861199,True,0,72.2,5.66
squareyards,Andheri West,Mumbai,3,350000.0,per_month,2200,27.0,furnished,https://www.squareyards.com/rental-3-bhk-servant-room-extra-room-2200-sq-ft-apartment-in-runwal-elegante/10443493,Andheri West,19.141109,72.828539,True,0,159.1,4.75
squareyards,Chandivali,Mumbai,2,82000.0,per_month,700,18.0,semi-furnished,https://www.squareyards.com/rental-2-bhk-700-sq-ft-apartment-in-lilium-lantana/10530582,Chandivali,19.105945,72.899131,True,0,117.1,2.18
squareyards,Jogeshwari East,Mumbai,2,60000.0,per_month,760,10.0,semi-furnished,https://www.squareyards.com/rental-2-bhk-pooja-room-servant-room-study-room-basement-760-sq-ft-apartment-in-avant-heritage/10480083,Jogeshwari East,19.138506,72.859044,True,0,78.9,2.08
squareyards,Andheri East,Mumbai,1,55000.0,per_month,550,18.0,unfurnished,https://www.squareyards.com/rental-1-bhk-pooja-room-servant-room-study-room-basement-550-sq-ft-apartment-in-chandiwala-pearl-heaven/10479944,Andheri East,19.116367,72.872539,True,0,100.0,0.16
squareyards,Sandesh Nagar,Mumbai,3,100000.0,per_month,1500,15.0,unfurnished,https://www.squareyards.com/rental-3-bhk-pooja-room-1500-sq-ft-apartment-in-sandesh-nagar/10492103,Sandesh Nagar,19.0865579894721,72.8810664643325,True,0,66.7,1.89
squareyards,Lokhandwala,Mumbai,2,100000.0,per_month,650,15.0,unfurnished,https://www.squareyards.com/rental-2-bhk-650-sq-ft-apartment-in-supreme-19/10524563,Lokhandwala,19.14499,72.82604,True,0,153.8,5.25
squareyards,Kanjurmarg East,Mumbai,5,52000.0,per_month,537,2302.0,semi-furnished,https://www.squareyards.com/rental-1-5-bhk-pooja-room-537-sq-ft-apartment-in-runwal-bliss-divine/10470304,Kanjurmarg East,19.1333849626996,72.9351273363531,True,0,96.8,6.5
squareyards,Powai,Mumbai,2,60000.0,per_month,900,7.0,furnished,https://www.squareyards.com/rental-2-bhk-900-sq-ft-apartment-in-suncity-complex/10518792,Powai,19.126154,72.921526,True,0,66.7,4.92
squareyards,Marol,Mumbai,3,120000.0,per_month,1180,10.0,furnished,https://www.squareyards.com/rental-3-bhk-pooja-room-servant-room-study-room-basement-1180-sq-ft-apartment-in-blossom-chsl/10472528,Marol,19.1173012,72.8840395,True,0,101.7,1.1
squareyards,Jogeshwari East,Mumbai,2,75000.0,per_month,800,10.0,unfurnished,https://www.squareyards.com/rental-2-bhk-prayer-room-servant-room-study-room-basement-store-room-800-sq-ft-apartment-in-kalpataru-vivant/10515414,Jogeshwari East,19.137776,72.861949,True,0,93.8,1.8
squareyards,Andheri East,Mumbai,2,80000.0,per_month,830,1603.0,semi-furnished,https://www.squareyards.com/rental-2-bhk-prayer-room-servant-room-study-room-extra-room-basement-store-room-830-sq-ft-apartment-in-veena-synergy/10515474,Andheri East,19.126007,72.860545,True,0,96.4,1.38
squareyards,Andheri East,Mumbai,1,60000.0,per_month,485,8.0,furnished,https://www.squareyards.com/rental-1-bhk-store-room-485-sq-ft-apartment-in-ashok-nagar-chs-andheri/10515993,Andheri East,19.11837291,72.88631694,True,0,123.7,1.34
squareyards,Andheri West,Mumbai,3,95000.0,per_month,1150,4.0,semi-furnished,https://www.squareyards.com/rental-3-bhk-store-room-1150-sq-ft-apartment-in-serenity-complex/10496236,Andheri West,19.148253,72.834308,True,0,82.6,4.82
squareyards,Bhandup West,Mumbai,2,45000.0,per_month,700,10.0,semi-furnished,https://www.squareyards.com/rental-2-bhk-700-sq-ft-apartment-in-sainath-om-raja/10483999,Bhandup West,19.149826,72.941431,True,0,64.3,4.65
squareyards,Andheri East,Mumbai,1,55000.0,per_month,550,10.0,furnished,https://www.squareyards.com/rental-1-bhk-prayer-room-servant-room-study-room-extra-room-550-sq-ft-apartment-in-newyork-ranbir-heights/10524946,Andheri East,19.127877,72.854956,True,0,100.0,1.98
squareyards,Bhandup East,Mumbai,1,25000.0,per_month,650,5.0,semi-furnished,https://www.squareyards.com/rental-1-bhk-650-sq-ft-apartment-in-akruti-matoshree-park/10505850,Bhandup East,19.1478965967391,72.9460864346954,True,0,38.5,4.65
squareyards,Bhandup West,Mumbai,2,48000.0,per_month,1000,10.0,semi-furnished,https://www.squareyards.com/rental-2-bhk-1000-sq-ft-apartment-in-sundew-swastik-park-bhandup-west/10483996,Bhandup West,19.152539,72.942231,True,0,48.0,4.34
squareyards,Malad West,Mumbai,2,61000.0,per_month,680,5.0,unfurnished,https://www.squareyards.com/rental-2-bhk-pooja-room-680-sq-ft-apartment-in-sheth-auris-bliss/10460941,Malad West,19.191742,72.837065,True,0,89.7,5.5
squareyards,Powai,Mumbai,1,37000.0,per_month,650,3.0,semi-furnished,https://www.squareyards.com/rental-1-bhk-650-sq-ft-apartment-in-powai/10537929,Powai,19.1165788,72.9045095,True,0,56.9,2.87
squareyards,Ghatkopar East,Mumbai,3,85000.0,per_month,1080,7.0,semi-furnished,https://www.squareyards.com/rental-3-bhk-pooja-room-1080-sq-ft-apartment-in-hubtown-rising-city/10445185,Ghatkopar East,19.06913,72.91142,True,0,78.7,2.18
squareyards,Malad West,Mumbai,2,80000.0,per_month,700,20.0,semi-furnished,https://www.squareyards.com/rental-2-bhk-pooja-room-700-sq-ft-apartment-in-raj-infinia/10478007,Malad West,19.189026,72.834793,True,0,114.3,5.88
squareyards,Powai,Mumbai,2,78000.0,per_month,850,1.0,furnished,https://www.squareyards.com/rental-2-bhk-study-room-850-sq-ft-apartment-in-harshvardhan-chs-powai/10519324,Powai,19.116996,72.891654,True,0,91.8,1.67
squareyards,Goregaon East,Mumbai,2,90000.0,per_month,850,18.0,furnished,https://www.squareyards.com/rental-2-bhk-store-room-850-sq-ft-apartment-in-goyal-lakshchandi-heights/10450216,Goregaon East,19.1719575,72.858704,True,0,105.9,5.35
squareyards,Andheri East,Mumbai,1,77000.0,per_month,600,10.0,furnished,https://www.squareyards.com/rental-1-bhk-prayer-room-servant-room-study-room-extra-room-600-sq-ft-apartment-in-sheth-vasant-oasis-camelia/10524879,Andheri East,19.114651,72.884754,True,0,128.3,0.94
squareyards,Andheri West,Mumbai,2,75000.0,per_month,665,18.0,semi-furnished,https://www.squareyards.com/rental-2-bhk-665-sq-ft-apartment-in-level-the-residences/10533902,Andheri West,19.146006,72.836274,True,0,112.8,4.52
squareyards,Bhandup East,Mumbai,2,37000.0,per_month,800,1.0,furnished,https://www.squareyards.com/rental-2-bhk-800-sq-ft-apartment-in-the-kamal-sagar-chs/10518196,Bhandup East,19.150842,72.9489292,True,0,46.2,4.24
squareyards,Chembur,Mumbai,2,70000.0,per_month,850,5.0,unfurnished,https://www.squareyards.com/rental-2-bhk-pooja-room-850-sq-ft-apartment-in-tridhaatu-aum/10471809,Chembur,19.055013,72.912447,True,0,82.4,0.97
squareyards,Goregaon West,Mumbai,2,85000.0,per_month,750,6.0,semi-furnished,https://www.squareyards.com/rental-2-bhk-750-sq-ft-apartment-in-ekta-tripolis/10517901,Goregaon West,19.154588,72.842697,True,0,113.3,4.55
squareyards,Prabhadevi,Mumbai,2,120000.0,per_month,750,9.0,semi-furnished,https://www.squareyards.com/rental-2-bhk-750-sq-ft-apartment-in-sb-purushottam-towers/10535273,Prabhadevi,19.016624,72.833205,True,0,160.0,0.25
squareyards,Marol,Mumbai,2,85000.0,per_month,860,10.0,furnished,https://www.squareyards.com/rental-2-bhk-pooja-room-servant-room-study-room-basement-860-sq-ft-apartment-in-anmol-society/10496881,Marol,19.10967,72.870082,True,0,98.8,0.9
squareyards,Wadala,Mumbai,5,190000.0,per_month,1600,15.0,semi-furnished,https://www.squareyards.com/rental-2-5-bhk-pooja-room-1600-sq-ft-apartment-in-new-cuffe-parade/10457262,Wadala,19.03757,72.879046,True,0,118.8,0.92
squareyards,Amboli,Mumbai,2,75000.0,per_month,665,10.0,semi-furnished,https://www.squareyards.com/rental-2-bhk-665-sq-ft-apartment-in-mk-gracia/10533823,Amboli,19.128238,72.843019,True,0,112.8,2.75
squareyards,Powai,Mumbai,2,68000.0,per_month,845,7.0,furnished,https://www.squareyards.com/rental-2-bhk-pooja-room-servant-room-study-room-extra-room-basement-store-room-845-sq-ft-apartment-in-raheja-sunglow/10473023,Powai,19.1163302372328,72.8937535899656,True,0,80.5,1.82
squareyards,Andheri West,Mumbai,1,65000.0,per_month,500,3.0,furnished,https://www.squareyards.com/rental-1-bhk-500-sq-ft-apartment-in-gautam-apartment-andheri-west/10542862,Andheri West,19.129,72.82039,True,0,130.0,4.37
squareyards,Malad West,Mumbai,2,61000.0,per_month,650,5.0,furnished,https://www.squareyards.com/rental-2-bhk-prayer-room-servant-room-650-sq-ft-apartment-in-dheeraj-sagar/10539977,Malad West,19.182189,72.8365,True,0,93.8,6.47
squareyards,Worli,Mumbai,2,225000.0,per_month,892,14.0,unfurnished,https://www.squareyards.com/rental-2-bhk-pooja-room-892-sq-ft-apartment-in-lodha-allura/10489331,Worli,19.00401,72.82973,True,0,252.2,1.21
squareyards,Sandesh Nagar,Mumbai,3,125000.0,per_month,886,1604.0,semi-furnished,https://www.squareyards.com/rental-3-bhk-store-room-886-sq-ft-apartment-in-sandesh-nagar/10486213,Sandesh Nagar,19.0865579894721,72.8810664643325,True,0,141.1,1.89
squareyards,Chandivali,Mumbai,2,85000.0,per_month,760,4.0,furnished,https://www.squareyards.com/rental-2-bhk-basement-760-sq-ft-apartment-in-mahindra-alcove/10536581,Chandivali,19.108241,72.890161,True,0,111.8,1.22
squareyards,Andheri East,Mumbai,3,110000.0,per_month,1350,5.0,semi-furnished,https://www.squareyards.com/rental-3-bhk-pooja-room-servant-room-study-room-basement-store-room-1350-sq-ft-apartment-in-starwing-katyayni-residency/10478338,Andheri East,19.1223445788998,72.8659385482862,True,0,81.5,0.91
squareyards,Chembur,Mumbai,2,80000.0,per_month,750,4.0,semi-furnished,https://www.squareyards.com/rental-2-bhk-pooja-room-750-sq-ft-apartment-in-chembur-gaothan/10478486,Chembur,19.057839,72.896969,True,0,106.7,0.6
squareyards,Girgaon,Mumbai,1,75000.0,per_month,580,5.0,unfurnished,https://www.squareyards.com/rental-1-bhk-prayer-room-servant-room-study-room-extra-room-basement-store-room-580-sq-ft-apartment-in-riddhi-apartment-girgaon/10539891,Girgaon,18.96024139,72.82272039,True,0,129.3,0.59
squareyards,Goregaon West,Mumbai,3,100000.0,per_month,1100,6.0,furnished,https://www.squareyards.com/rental-3-bhk-pooja-room-1100-sq-ft-apartment-in-sheth-vasant-galaxy/10474988,Goregaon West,19.162673,72.833025,True,0,90.9,5.91
squareyards,Oshiwara,Mumbai,2,60000.0,per_month,655,10.0,semi-furnished,https://www.squareyards.com/rental-2-bhk-655-sq-ft-apartment-in-paradigm-antalya/10515813,Oshiwara,19.149183,72.839948,True,0,91.6,4.39
squareyards,Khar West,Mumbai,2,140000.0,per_month,700,9.0,furnished,https://www.squareyards.com/rental-2-bhk-prayer-room-700-sq-ft-apartment-in-khar-west/10534138,Khar West,19.0699819,72.8338084,True,0,200.0,1.63
squareyards,Andheri West,Mumbai,2,99000.0,per_month,750,10.0,furnished,https://www.squareyards.com/rental-2-bhk-750-sq-ft-apartment-in-gulshan-apartment-andheri/10492213,Andheri West,19.1353,72.8263,True,0,132.0,4.38
squareyards,Andheri West,Mumbai,3,120000.0,per_month,870,8.0,semi-furnished,https://www.squareyards.com/rental-3-bhk-870-sq-ft-apartment-in-kakad-west-end/10482516,Andheri West,19.147222,72.833323,True,0,137.9,4.86
squareyards,Santacruz West,Mumbai,2,130000.0,per_month,700,9.0,semi-furnished,https://www.squareyards.com/rental-2-bhk-prayer-room-700-sq-ft-apartment-in-santacruz-west/10542542,Santacruz West,19.0840704,72.8380186,True,0,185.7,1.09
squareyards,Goregaon West,Mumbai,2,60000.0,per_month,655,3.0,semi-furnished,https://www.squareyards.com/rental-2-bhk-655-sq-ft-apartment-in-acme-36-allure/10496710,Goregaon West,19.152677,72.845508,True,0,91.6,4.19
squareyards,Chembur,Mumbai,2,68000.0,per_month,712,2.0,semi-furnished,https://www.squareyards.com/rental-2-bhk-prayer-room-712-sq-ft-apartment-in-kyraa-ariso-apartment/10511678,Chembur,19.057444,72.905727,True,0,95.5,0.76
squareyards,Bandra West,Mumbai,2,175000.0,per_month,700,4.0,furnished,https://www.squareyards.com/rental-2-bhk-prayer-room-700-sq-ft-apartment-in-bandra-west/10542317,Bandra West,19.0595596,72.8295287,True,0,250.0,2.38
squareyards,Malad West,Mumbai,2,56000.0,per_month,650,5.0,semi-furnished,https://www.squareyards.com/rental-2-bhk-pooja-room-650-sq-ft-apartment-in-divya-smruthi/10473121,Malad West,19.180973,72.836672,True,0,86.2,6.58
squareyards,Mahalaxmi,Mumbai,4,425000.0,per_month,1878,18.0,semi-furnished,https://www.squareyards.com/rental-4-bhk-pooja-room-servant-room-1878-sq-ft-apartment-in-piramal-mahalaxmi/10470248,Mahalaxmi,18.983085,72.826831,True,0,226.3,0.43
squareyards,Parel,Mumbai,2,150000.0,per_month,950,14.0,semi-furnished,https://www.squareyards.com/rental-2-bhk-pooja-room-950-sq-ft-apartment-in-l-and-t-crescent-bay-t2/10482519,Parel,19.004946,72.850021,True,0,157.9,2.35
squareyards,Andheri West,Mumbai,5,65000.0,per_month,600,4.0,furnished,https://www.squareyards.com/rental-1-5-bhk-600-sq-ft-apartment-in-amarnath-towers/10481706,Andheri West,19.1363,72.81685,True,0,108.3,5.17
squareyards,Lower Parel,Mumbai,2,300000.0,per_month,1325,9.0,semi-furnished,https://www.squareyards.com/rental-2-bhk-pooja-room-extra-room-1325-sq-ft-apartment-in-enpar-lotus-101-worli-residences/10457751,Lower Parel,19.003329,72.824829,True,0,226.4,0.83
squareyards,Goregaon West,Mumbai,1,42000.0,per_month,418,3.0,semi-furnished,https://www.squareyards.com/rental-1-bhk-418-sq-ft-apartment-in-oxford-navrang-crystal/10489983,Goregaon West,19.156778,72.844484,True,0,100.5,4.6
squareyards,Juhu,Mumbai,3,200000.0,per_month,1500,10.0,semi-furnished,https://www.squareyards.com/rental-3-bhk-1500-sq-ft-apartment-in-monaliza-apartment/10459205,Juhu,19.11373667,72.83215167,True,0,133.3,2.46
squareyards,Juhu,Mumbai,5,500000.0,per_month,2200,15.0,semi-furnished,https://www.squareyards.com/rental-3-5-bhk-servant-room-2200-sq-ft-apartment-in-kalpataru-solitaire/10459222,Juhu,19.111011,72.834394,True,0,227.3,2.14
squareyards,Andheri West,Mumbai,2,75000.0,per_month,688,1.0,furnished,https://www.squareyards.com/rental-2-bhk-688-sq-ft-apartment-in-westin-karmayog-chs/10506510,Andheri West,19.130477,72.835302,True,0,109.0,3.37
squareyards,Goregaon West,Mumbai,2,70000.0,per_month,678,8.0,semi-furnished,https://www.squareyards.com/rental-2-bhk-678-sq-ft-apartment-in-crystal-hitendra-dhamm-shabha-chs/10484055,Goregaon West,19.160057,72.838952,True,0,103.2,5.26
squareyards,Andheri East,Mumbai,1,70000.0,per_month,500,5.0,furnished,https://www.squareyards.com/rental-1-bhk-study-room-500-sq-ft-apartment-in-kanakia-rainforest/10464525,Andheri East,19.122926,72.884015,True,0,140.0,1.13
squareyards,Goregaon West,Mumbai,2,77000.0,per_month,600,20.0,furnished,https://www.squareyards.com/rental-2-bhk-600-sq-ft-apartment-in-sunteck-avenue-2/10448526,Goregaon West,19.150452,72.846794,True,0,128.3,3.92
squareyards,Andheri West,Mumbai,3,160000.0,per_month,1320,24.0,furnished,https://www.squareyards.com/rental-3-bhk-1320-sq-ft-apartment-in-hdil-metropolis-residences/10496768,Andheri West,19.130583,72.828359,True,0,121.2,3.85
squareyards,Chembur,Mumbai,2,85000.0,per_month,790,3.0,semi-furnished,https://www.squareyards.com/rental-2-bhk-prayer-room-790-sq-ft-apartment-in-union-park/10536404,Chembur,19.03281,72.896357,True,0,107.6,2.02
squareyards,Andheri East,Mumbai,2,93000.0,per_month,820,5.0,furnished,https://www.squareyards.com/rental-2-bhk-store-room-820-sq-ft-apartment-in-goyal-green-woods/10528734,Andheri East,19.1156539,72.8629943,True,0,113.4,1.13
squareyards,Goregaon West,Mumbai,2,75000.0,per_month,870,8.0,semi-furnished,https://www.squareyards.com/rental-2-bhk-870-sq-ft-apartment-in-govardhangiri/10493649,Goregaon West,19.169371,72.834011,True,0,86.2,6.38
squareyards,Malad West,Mumbai,2,80000.0,per_month,810,48.0,semi-furnished,https://www.squareyards.com/rental-2-bhk-store-room-810-sq-ft-apartment-in-sheth-auris-serenity-tower-3/10534349,Malad West,19.19163,72.836138,True,0,98.8,5.56
squareyards,Goregaon West,Mumbai,3,90000.0,per_month,890,6.0,semi-furnished,https://www.squareyards.com/rental-3-bhk-890-sq-ft-apartment-in-chirag-vijayi-jwala/10476132,Goregaon West,19.160497,72.838856,True,0,101.1,5.3
squareyards,Chandivali,Mumbai,2,77000.0,per_month,860,1502.0,semi-furnished,https://www.squareyards.com/rental-2-bhk-pooja-room-servant-room-study-room-extra-room-basement-store-room-860-sq-ft-apartment-in-mahindra-alcove/10493971,Chandivali,19.108241,72.890161,True,0,89.5,1.22
squareyards,Bhandup East,Mumbai,1,27000.0,per_month,650,1.0,semi-furnished,https://www.squareyards.com/rental-1-bhk-650-sq-ft-apartment-in-advait-chs/10530892,Bhandup East,19.150845,72.94821333,True,0,41.5,4.26
squareyards,Goregaon West,Mumbai,2,65000.0,per_month,750,8.0,semi-furnished,https://www.squareyards.com/rental-2-bhk-750-sq-ft-apartment-in-kabra-aurum/10462370,Goregaon West,19.170029,72.844492,True,0,86.7,5.78
squareyards,Malad West,Mumbai,3,115000.0,per_month,1200,5.0,furnished,https://www.squareyards.com/rental-3-bhk-prayer-room-1200-sq-ft-apartment-in-evershine-grandeur/10535665,Malad West,19.176052,72.833683,True,0,95.8,6.98
squareyards,Khar West,Mumbai,3,210000.0,per_month,950,10.0,semi-furnished,https://www.squareyards.com/rental-3-bhk-prayer-room-study-room-950-sq-ft-apartment-in-crest-link/10535910,Khar West,19.073643,72.833742,True,0,221.1,1.54
squareyards,Bandra West,Mumbai,2,130000.0,per_month,700,2.0,furnished,https://www.squareyards.com/rental-2-bhk-pooja-room-700-sq-ft-apartment-in-bandra-west/10490446,Bandra West,19.0595596,72.8295287,True,0,185.7,2.38
squareyards,Malad West,Mumbai,1,46000.0,per_month,420,6.0,semi-furnished,https://www.squareyards.com/rental-1-bhk-prayer-room-420-sq-ft-apartment-in-bhoomi-classic/10535746,Malad West,19.174173,72.837401,True,0,109.5,6.58
squareyards,Khar West,Mumbai,2,140001.0,per_month,700,6.0,furnished,https://www.squareyards.com/rental-2-bhk-prayer-room-700-sq-ft-apartment-in-khar-west/10542408,Khar West,19.0699819,72.8338084,True,0,200.0,1.63
squareyards,Andheri West,Mumbai,1,45000.0,per_month,450,5.0,unfurnished,https://www.squareyards.com/rental-1-bhk-pooja-room-450-sq-ft-apartment-in-ar-avenue-andheri-west/10454595,Andheri West,19.139922,72.837655,True,0,100.0,4.09
squareyards,Andheri West,Mumbai,2,75000.0,per_month,600,16.0,semi-furnished,https://www.squareyards.com/rental-2-bhk-600-sq-ft-apartment-in-level-the-residences/10454584,Andheri West,19.146006,72.836274,True,0,125.0,4.52
squareyards,Malad West,Mumbai,1,45000.0,per_month,460,11.0,furnished,https://www.squareyards.com/rental-1-bhk-pooja-room-460-sq-ft-apartment-in-dheeraj-solitaire-malad/10458374,Malad West,19.18017,72.83739,True,0,97.8,6.63
squareyards,Malad West,Mumbai,2,57000.0,per_month,700,1.0,furnished,https://www.squareyards.com/rental-2-bhk-pooja-room-700-sq-ft-apartment-in-gokul-apartment-malad-west/10494291,Malad West,19.19101,72.83059,True,0,81.4,5.93
squareyards,Andheri West,Mumbai,2,90000.0,per_month,655,8.0,semi-furnished,https://www.squareyards.com/rental-2-bhk-655-sq-ft-apartment-in-zee-ashtavinayak/10444866,Andheri West,19.124326,72.832874,True,0,137.4,3.03
squareyards,Goregaon West,Mumbai,3,110000.0,per_month,1100,24.0,semi-furnished,https://www.squareyards.com/rental-3-bhk-study-room-1100-sq-ft-apartment-in-kalpataru-radiance/10540606,Goregaon West,19.157057,72.841289,True,0,100.0,4.85
squareyards,Kanjurmarg West,Mumbai,3,103000.0,per_month,1129,3.0,semi-furnished,https://www.squareyards.com/rental-3-bhk-extra-room-1129-sq-ft-apartment-in-runwal-forests/10489915,Kanjurmarg West,19.136516,72.932046,True,0,91.2,6.24
squareyards,Khar West,Mumbai,1,70000.0,per_month,500,1.0,furnished,https://www.squareyards.com/rental-1-bhk-pooja-room-500-sq-ft-apartment-in-khar-west/10485736,Khar West,19.0699819,72.8338084,True,0,140.0,1.63
squareyards,Sakinaka,Mumbai,2,73000.0,per_month,790,7.0,semi-furnished,https://www.squareyards.com/rental-2-bhk-pooja-room-servant-room-study-room-store-room-790-sq-ft-apartment-in-gundecha-builders-montego/10481053,Sakinaka,19.099471,72.886125,True,0,92.4,1.27
squareyards,Malad West,Mumbai,2,75000.0,per_month,725,10.0,semi-furnished,https://www.squareyards.com/rental-2-bhk-725-sq-ft-apartment-in-raj-infinia/10472695,Malad West,19.189026,72.834793,True,0,103.4,5.88
squareyards,Malad East,Mumbai,1,45000.0,per_month,400,4.0,furnished,https://www.squareyards.com/rental-1-bhk-400-sq-ft-apartment-in-dindoshi-onkar-chs/10528050,Malad East,19.175192,72.861546,True,0,112.5,5.62
squareyards,Chandivali,Mumbai,2,75000.0,per_month,950,6.0,furnished,https://www.squareyards.com/rental-2-bhk-950-sq-ft-apartment-in-orchid-enclave-powai/10468396,Chandivali,19.0991692,72.8957363,True,0,78.9,2.08
squareyards,Marine Lines,Mumbai,5,120000.0,per_month,750,2.0,furnished,https://www.squareyards.com/rental-2-5-bhk-servant-room-750-sq-ft-apartment-in-akme-palace/10502207,Marine Lines,18.9435802647953,72.826117304542,True,0,160.0,0.33
squareyards,Versova,Mumbai,2,99000.0,per_month,650,20.0,furnished,https://www.squareyards.com/rental-2-bhk-servant-room-650-sq-ft-apartment-in-asshna-seabliss/10543669,Versova,19.132519,72.815835,True,0,152.3,4.99
squareyards,Malad East,Mumbai,1,32000.0,per_month,380,4.0,furnished,https://www.squareyards.com/rental-1-bhk-380-sq-ft-apartment-in-dak-sangathan-chs/10479346,Malad East,19.17739342,72.86457693,True,0,84.2,5.8
squareyards,Juhu,Mumbai,3,225000.0,per_month,1200,4.0,semi-furnished,https://www.squareyards.com/rental-3-bhk-1200-sq-ft-apartment-in-bhanu-apartment/10458626,Juhu,19.1137246339646,72.8246669852848,True,0,187.5,3.21
squareyards,Kurla East,Mumbai,2,60000.0,per_month,650,4.0,furnished,https://www.squareyards.com/rental-2-bhk-prayer-room-650-sq-ft-apartment-in-herumb-chs/10521094,Kurla East,19.064803,72.889027,True,0,92.3,1.25
squareyards,Juhu,Mumbai,2,150000.0,per_month,700,4.0,furnished,https://www.squareyards.com/rental-2-bhk-pooja-room-700-sq-ft-apartment-in-juhu/10442264,Juhu,19.1048146,72.8267098,True,0,214.3,2.87
squareyards,Bandra West,Mumbai,1,120001.0,per_month,500,1.0,furnished,https://www.squareyards.com/rental-1-bhk-pooja-room-500-sq-ft-apartment-in-bandra-west/10485773,Bandra West,19.0595596,72.8295287,True,0,240.0,2.38
squareyards,Goregaon West,Mumbai,2,77000.0,per_month,600,10.0,furnished,https://www.squareyards.com/rental-2-bhk-600-sq-ft-apartment-in-sunteck-avenue-2/10459125,Goregaon West,19.150452,72.846794,True,0,128.3,3.92
squareyards,Chembur,Mumbai,2,70000.0,per_month,1020,12.0,semi-furnished,https://www.squareyards.com/rental-2-bhk-1020-sq-ft-apartment-in-rite-skyluxe/10535750,Chembur,19.057756,72.904474,True,0,68.6,0.73
squareyards,Bandra West,Mumbai,1,85000.0,per_month,500,1.0,semi-furnished,https://www.squareyards.com/rental-1-bhk-pooja-room-500-sq-ft-apartment-in-bandra-west/10472987,Bandra West,19.0595596,72.8295287,True,0,170.0,2.38
squareyards,Navin Nagar,Mumbai,2,175000.0,per_month,700,6.0,semi-furnished,https://www.squareyards.com/rental-2-bhk-pooja-room-700-sq-ft-apartment-in-navin-nagar/10442437,Navin Nagar,19.0840704,72.8380186,True,0,250.0,1.09
squareyards,Borivali East,Mumbai,2,60000.0,per_month,1050,7.0,furnished,https://www.squareyards.com/rental-2-bhk-extra-room-1050-sq-ft-apartment-in-borivali-east/10497733,Borivali East,19.22873,72.8624166,True,0,57.1,0.66
squareyards,Malad West,Mumbai,2,65000.0,per_month,655,20.0,semi-furnished,https://www.squareyards.com/rental-2-bhk-655-sq-ft-apartment-in-sheth-auris-bliss/10533844,Malad West,19.191742,72.837065,True,0,99.2,5.5
squareyards,Vikhroli East,Mumbai,5,222000.0,per_month,1125,14.0,semi-furnished,https://www.squareyards.com/rental-3-5-bhk-extra-room-1125-sq-ft-apartment-in-godrej-the-trees/10506810,Vikhroli East,19.092531,72.922302,True,0,197.3,4.93
squareyards,Bandra West,Mumbai,2,200000.0,per_month,1194,4.0,furnished,https://www.squareyards.com/rental-2-bhk-pooja-room-1194-sq-ft-apartment-in-l-amour-apartment/10486817,Bandra West,19.0627269778922,72.8314566693355,True,0,167.5,2.05
squareyards,Khar West,Mumbai,2,100000.0,per_month,700,2.0,furnished,https://www.squareyards.com/rental-2-bhk-pooja-room-700-sq-ft-apartment-in-khar-west/10469577,Khar West,19.0699819,72.8338084,True,0,142.9,1.63
squareyards,Goregaon West,Mumbai,5,150000.0,per_month,1550,29.0,semi-furnished,https://www.squareyards.com/rental-3-5-bhk-pooja-room-servant-room-study-room-1550-sq-ft-apartment-in-imperial-heights-goregaon-west/10492252,Goregaon West,19.151909,72.839993,True,0,96.8,4.57
squareyards,Lower Parel,Mumbai,3,390000.0,per_month,2600,27.0,semi-furnished,https://www.squareyards.com/rental-3-bhk-pooja-room-servant-room-store-room-2600-sq-ft-apartment-in-indiabulls-sky-forest/10495753,Lower Parel,19.0078,72.832977,True,0,150.0,0.93
squareyards,Bandra East,Mumbai,1,55000.0,per_month,422,20.0,semi-furnished,https://www.squareyards.com/rental-1-bhk-prayer-room-422-sq-ft-apartment-in-leo-eminence/10540691,Bandra East,19.059421,72.84853,True,0,130.3,0.66
squareyards,Malad West,Mumbai,1,41000.0,per_month,430,10.0,semi-furnished,https://www.squareyards.com/rental-1-bhk-pooja-room-430-sq-ft-apartment-in-avalon-paradise/10494199,Malad West,19.178054,72.840716,True,0,95.3,6.72
squareyards,Andheri West,Mumbai,2,75000.0,per_month,655,8.0,semi-furnished,https://www.squareyards.com/rental-2-bhk-655-sq-ft-apartment-in-romell-amore/10521785,Andheri West,19.131432,72.841207,True,0,114.5,3.15
squareyards,Andheri West,Mumbai,2,75000.0,per_month,650,10.0,semi-furnished,https://www.squareyards.com/rental-2-bhk-650-sq-ft-apartment-in-pratham-5th-element/10529058,Andheri West,19.128,72.8397,True,0,115.4,2.89
squareyards,Lower Parel,Mumbai,3,400000.0,per_month,2979,27.0,semi-furnished,https://www.squareyards.com/rental-3-bhk-pooja-room-servant-room-2979-sq-ft-apartment-in-indiabulls-sky-forest/10468817,Lower Parel,19.0078,72.832977,True,0,134.3,0.93
squareyards,Navin Nagar,Mumbai,2,125000.0,per_month,700,9.0,semi-furnished,https://www.squareyards.com/rental-2-bhk-pooja-room-700-sq-ft-apartment-in-navin-nagar/10462658,Navin Nagar,19.0840704,72.8380186,True,0,178.6,1.09
squareyards,Andheri West,Mumbai,2,110000.0,per_month,675,14.0,semi-furnished,https://www.squareyards.com/rental-2-bhk-675-sq-ft-apartment-in-platinum-life/10501269,Andheri West,19.126351,72.832606,True,0,163.0,3.21
squareyards,Bhandup East,Mumbai,1,25000.0,per_month,600,4.0,semi-furnished,https://www.squareyards.com/rental-1-bhk-600-sq-ft-apartment-in-bhandup-east/10503404,Bhandup East,19.1469541,72.94898189999999,True,0,41.7,4.65
squareyards,Khar West,Mumbai,3,300000.0,per_month,1100,11.0,semi-furnished,https://www.squareyards.com/rental-3-bhk-pooja-room-1100-sq-ft-apartment-in-khar-west/10473011,Khar West,19.0699819,72.8338084,True,0,272.7,1.63
squareyards,Goregaon West,Mumbai,2,65000.0,per_month,700,6.0,semi-furnished,https://www.squareyards.com/rental-2-bhk-700-sq-ft-apartment-in-kabra-aurum/10482572,Goregaon West,19.170029,72.844492,True,0,92.9,5.78
squareyards,Andheri East,Mumbai,2,66000.0,per_month,800,13.0,semi-furnished,https://www.squareyards.com/rental-2-bhk-study-room-800-sq-ft-apartment-in-awesome-heights/10536093,Andheri East,19.1136111,72.8713889,True,0,82.5,0.48
squareyards,Satya Nagar,Mumbai,1,31000.0,per_month,460,1.0,unfurnished,https://www.squareyards.com/rental-1-bhk-460-sq-ft-apartment-in-sameepan-chs/10518537,Satya Nagar,19.103635,72.859669,True,0,67.4,0.61
squareyards,Worli,Mumbai,2,125000.0,per_month,900,3.0,semi-furnished,https://www.squareyards.com/rental-2-bhk-900-sq-ft-apartment-in-ocean-view-apartments/10507475,Worli,18.995137,72.813884,True,0,138.9,0.5
squareyards,Bandra West,Mumbai,4,600000.0,per_month,1703,13.0,unfurnished,https://www.squareyards.com/rental-4-bhk-pooja-room-servant-room-study-room-1703-sq-ft-apartment-in-cassias-apartment/10473553,Bandra West,19.05950333,72.82967167,True,0,352.3,2.37
squareyards,Malad East,Mumbai,2,70000.0,per_month,757,15.0,semi-furnished,https://www.squareyards.com/rental-2-bhk-pooja-room-757-sq-ft-apartment-in-dynamix-divum/10472033,Malad East,19.178041,72.871778,True,0,92.5,5.79
squareyards,Goregaon West,Mumbai,2,60000.0,per_month,645,10.0,semi-furnished,https://www.squareyards.com/rental-2-bhk-645-sq-ft-apartment-in-chandak-34-park-estate/10529334,Goregaon West,19.167242,72.841577,True,0,93.0,5.7
squareyards,Bandra West,Mumbai,2,160000.0,per_month,850,7.0,semi-furnished,https://www.squareyards.com/rental-2-bhk-pooja-room-servant-room-study-room-850-sq-ft-apartment-in-hicons-residency/10473652,Bandra West,19.062862,72.833944,True,0,188.2,1.8
squareyards,Vikhroli East,Mumbai,5,219000.0,per_month,1125,17.0,semi-furnished,https://www.squareyards.com/rental-3-5-bhk-extra-room-1125-sq-ft-apartment-in-godrej-the-trees/10506884,Vikhroli East,19.092531,72.922302,True,0,194.7,4.93
squareyards,Andheri West,Mumbai,2,70000.0,per_month,670,5.0,semi-furnished,https://www.squareyards.com/rental-2-bhk-670-sq-ft-apartment-in-vardhman-grandeur/10528869,Andheri West,19.125447,72.844829,True,0,104.5,2.39
squareyards,Kanjurmarg West,Mumbai,3,97000.0,per_month,1129,14.0,semi-furnished,https://www.squareyards.com/rental-3-bhk-extra-room-1129-sq-ft-apartment-in-runwal-forests/10488116,Kanjurmarg West,19.136516,72.932046,True,0,85.9,6.24
squareyards,Goregaon West,Mumbai,1,41000.0,per_month,400,6.0,semi-furnished,https://www.squareyards.com/rental-1-bhk-servant-room-400-sq-ft-apartment-in-sethia-green-view/10441324,Goregaon West,19.1661439211859,72.837214454462,True,0,102.5,5.89
squareyards,Bandra West,Mumbai,2,40000.0,per_month,700,2.0,unfurnished,https://www.squareyards.com/rental-1-rk-pooja-room-700-sq-ft-apartment-in-bandra-west/10462540,Bandra West,19.0595596,72.8295287,True,0,57.1,2.38
squareyards,Andheri West,Mumbai,2,80000.0,per_month,725,10.0,furnished,https://www.squareyards.com/rental-2-bhk-725-sq-ft-apartment-in-green-park-tower/10446713,Andheri West,19.15352,72.830454,True,0,110.3,5.48
squareyards,Powai,Mumbai,2,76000.0,per_month,850,1.0,furnished,https://www.squareyards.com/rental-2-bhk-study-room-850-sq-ft-apartment-in-harshvardhan-chs-powai/10521011,Powai,19.116996,72.891654,True,0,89.4,1.67
squareyards,Tilak Nagar,Mumbai,2,85000.0,per_month,750,4.0,semi-furnished,https://www.squareyards.com/rental-2-bhk-prayer-room-750-sq-ft-apartment-in-tilak-nagar-building/10512542,Tilak Nagar,19.071689,72.896186,True,0,113.3,1.98
squareyards,Andheri West,Mumbai,5,80000.0,per_month,785,9.0,semi-furnished,https://www.squareyards.com/rental-2-5-bhk-785-sq-ft-apartment-in-sanghvi-palazzo/10462138,Andheri West,19.1277,72.8391,True,0,101.9,2.89
squareyards,Goregaon East,Mumbai,1,48000.0,per_month,450,7.0,furnished,https://www.squareyards.com/rental-1-bhk-pooja-room-450-sq-ft-apartment-in-bhoomi-gokul/10460704,Goregaon East,19.177784,72.865787,True,0,106.7,5.82
squareyards,Khar West,Mumbai,1,60000.0,per_month,500,3.0,unfurnished,https://www.squareyards.com/rental-1-bhk-pooja-room-500-sq-ft-apartment-in-khar-west/10500368,Khar West,19.0699819,72.8338084,True,0,120.0,1.63
squareyards,Kandivali East,Mumbai,3,100000.0,per_month,1012,22.0,semi-furnished,https://www.squareyards.com/rental-3-bhk-1012-sq-ft-apartment-in-kalpataru-vienta/10463435,Kandivali East,19.198204,72.855462,True,0,98.8,4.13
squareyards,Bandra West,Mumbai,1,45000.0,per_month,200,1.0,furnished,https://www.squareyards.com/rental-1-rk-pooja-room-200-sq-ft-apartment-in-bandra-west/10485743,Bandra West,19.0595596,72.8295287,True,0,225.0,2.38
squareyards,Oshiwara,Mumbai,2,60000.0,per_month,650,12.0,semi-furnished,https://www.squareyards.com/rental-2-bhk-650-sq-ft-apartment-in-paradigm-antalya/10455636,Oshiwara,19.149183,72.839948,True,0,92.3,4.39
squareyards,Bandra West,Mumbai,3,345000.0,per_month,1600,12.0,semi-furnished,https://www.squareyards.com/rental-3-bhk-pooja-room-store-room-1600-sq-ft-apartment-in-ssd-pali-palms/10490854,Bandra West,19.063337,72.830786,True,0,215.6,2.09
squareyards,Powai,Mumbai,4,300000.0,per_month,2400,17.0,furnished,https://www.squareyards.com/rental-4-bhk-study-room-2400-sq-ft-apartment-in-l-and-t-emerald-isle/10453379,Powai,19.123388,72.894532,True,0,125.0,2.2
squareyards,Goregaon West,Mumbai,1,42000.0,per_month,418,6.0,semi-furnished,https://www.squareyards.com/rental-1-bhk-418-sq-ft-apartment-in-oxford-navrang-navkar/10444844,Goregaon West,19.161335,72.845833,True,0,100.5,4.9
squareyards,Ghatkopar West,Mumbai,4,358000.0,per_month,2200,10.0,furnished,https://www.squareyards.com/rental-4-bhk-servant-room-2200-sq-ft-apartment-in-the-wadhwa-the-address/10455811,Ghatkopar West,19.097797,72.920018,True,0,162.7,4.51
squareyards,Andheri West,Mumbai,2,60000.0,per_month,550,8.0,semi-furnished,https://www.squareyards.com/rental-2-bhk-550-sq-ft-apartment-in-neptune-chs-andheri-west/10472191,Andheri West,19.127833,72.831458,True,0,109.1,3.41
squareyards,Marol,Mumbai,2,85000.0,per_month,750,6.0,furnished,https://www.squareyards.com/rental-2-bhk-study-room-750-sq-ft-apartment-in-ashok-vihar-chs/10525810,Marol,19.1165719,72.8865006,True,0,113.3,1.22
squareyards,Goregaon East,Mumbai,3,132000.0,per_month,1120,18.0,furnished,https://www.squareyards.com/rental-3-bhk-pooja-room-servant-room-study-room-1120-sq-ft-apartment-in-arkade-aspire/10475111,Goregaon East,19.161617,72.855297,True,0,117.9,4.41
squareyards,Goregaon East,Mumbai,2,53000.0,per_month,780,19.0,semi-furnished,https://www.squareyards.com/rental-2-bhk-pooja-room-780-sq-ft-apartment-in-omkar-ananta/10468266,Goregaon East,19.16852,72.878099,True,0,67.9,4.75
squareyards,Goregaon East,Mumbai,2,62000.0,per_month,650,16.0,semi-furnished,https://www.squareyards.com/rental-2-bhk-650-sq-ft-apartment-in-velentine-tower/10518705,Goregaon East,19.15244,72.884405,True,0,95.4,3.15
squareyards,Goregaon East,Mumbai,2,75000.0,per_month,730,10.0,semi-furnished,https://www.squareyards.com/rental-2-bhk-pooja-room-730-sq-ft-apartment-in-empire-towers/10458491,Goregaon East,19.164146,72.851361,True,0,102.7,4.85
squareyards,Malad East,Mumbai,2,75000.0,per_month,700,14.0,semi-furnished,https://www.squareyards.com/rental-2-bhk-700-sq-ft-apartment-in-dynamix-divum/10486227,Malad East,19.178041,72.871778,True,0,107.1,5.79
squareyards,Malad West,Mumbai,1,40000.0,per_month,400,6.0,semi-furnished,https://www.squareyards.com/rental-1-bhk-pooja-room-400-sq-ft-apartment-in-om-ashish-c-h-s/10474502,Malad West,19.185042,72.840177,True,0,100.0,6.02
squareyards,Bandra West,Mumbai,3,225000.0,per_month,1450,7.0,semi-furnished,https://www.squareyards.com/rental-3-bhk-pooja-room-store-room-1450-sq-ft-apartment-in-olympia-apartment/10490809,Bandra West,19.0647796814144,72.8307517857595,True,0,155.2,2.04
squareyards,Andheri West,Mumbai,3,115000.0,per_month,1200,9.0,semi-furnished,https://www.squareyards.com/rental-3-bhk-1200-sq-ft-apartment-in-kakad-west-end/10444740,Andheri West,19.147222,72.833323,True,0,95.8,4.86
squareyards,Andheri West,Mumbai,2,80000.0,per_month,728,4.0,furnished,https://www.squareyards.com/rental-2-bhk-728-sq-ft-apartment-in-azad-nagar-sangam-chs-andheri/10441801,Andheri West,19.130742,72.836791,True,0,109.9,3.31
squareyards,Andheri West,Mumbai,2,95000.0,per_month,850,6.0,furnished,https://www.squareyards.com/rental-2-bhk-850-sq-ft-apartment-in-panchsheel-apartment/10498923,Andheri West,19.13877,72.814839,True,0,111.8,5.51
squareyards,Andheri West,Mumbai,1,48000.0,per_month,650,7.0,unfurnished,https://www.squareyards.com/rental-1-bhk-store-room-650-sq-ft-apartment-in-shantivan-chs-andheri/10474521,Andheri West,19.15085129,72.83012866,True,0,73.8,5.35
squareyards,Goregaon West,Mumbai,4,225000.0,per_month,1952,27.0,semi-furnished,https://www.squareyards.com/rental-4-bhk-pooja-room-study-room-1952-sq-ft-apartment-in-imperial-heights-phase-2/10497615,Goregaon West,19.152445,72.839961,True,0,115.3,4.61
squareyards,Khar West,Mumbai,2,140000.0,per_month,700,2.0,furnished,https://www.squareyards.com/rental-2-bhk-pooja-room-700-sq-ft-apartment-in-khar-west/10490664,Khar West,19.0699819,72.8338084,True,0,200.0,1.63
squareyards,Andheri East,Mumbai,2,100000.0,per_month,1025,15.0,furnished,https://www.squareyards.com/rental-2-bhk-store-room-1025-sq-ft-apartment-in-sheth-vasant-oasis/10457573,Andheri East,19.114715,72.884097,True,0,97.6,0.9
squareyards,Goregaon East,Mumbai,3,60000.0,per_month,856,2.0,semi-furnished,https://www.squareyards.com/rental-3-bhk-pooja-room-856-sq-ft-apartment-in-doordarshan-chs/10465166,Goregaon East,19.17031,72.871761,True,0,70.1,4.93
squareyards,Malad East,Mumbai,3,110000.0,per_month,1500,12.0,furnished,https://www.squareyards.com/rental-3-bhk-1500-sq-ft-apartment-in-k-raheja-heights/10516529,Malad East,19.177289,72.8773,True,0,73.3,5.72
squareyards,Andheri East,Mumbai,2,80000.0,per_month,950,2.0,furnished,https://www.squareyards.com/rental-2-bhk-study-room-950-sq-ft-apartment-in-nirmal-house/10484681,Andheri East,19.11038,72.8627,True,0,84.2,0.95
squareyards,Prabhadevi,Mumbai,4,295000.0,per_month,2500,1.0,semi-furnished,https://www.squareyards.com/rental-4-bhk-pooja-room-2500-sq-ft-apartment-in-madhukunj-apartment-prabhadevi/10462140,Prabhadevi,19.01406,72.83082,True,0,118.0,0.2
squareyards,Bandra West,Mumbai,2,200001.0,per_month,700,2.0,semi-furnished,https://www.squareyards.com/rental-2-bhk-prayer-room-700-sq-ft-apartment-in-bandra-west/10514689,Bandra West,19.0595596,72.8295287,True,0,285.7,2.38
squareyards,Chembur,Mumbai,5,90000.0,per_month,800,12.0,semi-furnished,https://www.squareyards.com/rental-2-5-bhk-pooja-room-800-sq-ft-apartment-in-indus-shell-tower/10476951,Chembur,19.0636013492064,72.8929881744963,True,0,112.5,1.05
squareyards,Juhu,Mumbai,2,110001.0,per_month,700,1.0,semi-furnished,https://www.squareyards.com/rental-2-bhk-prayer-room-700-sq-ft-apartment-in-juhu/10514537,Juhu,19.1048146,72.8267098,True,0,157.1,2.87
squareyards,Andheri West,Mumbai,2,75000.0,per_month,780,5.0,furnished,https://www.squareyards.com/rental-2-bhk-780-sq-ft-apartment-in-manish-tower/10455671,Andheri West,19.12868833,72.82691,True,0,96.2,3.82
squareyards,Malad East,Mumbai,2,75000.0,per_month,780,15.0,furnished,https://www.squareyards.com/rental-2-bhk-study-room-780-sq-ft-apartment-in-a-and-o-f-residences-malad/10492249,Malad East,19.19089,72.861307,True,0,96.2,4.87
squareyards,Andheri West,Mumbai,2,85000.0,per_month,728,8.0,semi-furnished,https://www.squareyards.com/rental-2-bhk-728-sq-ft-apartment-in-our-home-chs/10442258,Andheri West,19.128627089884,72.8322400501573,True,0,116.8,3.42
squareyards,Goregaon West,Mumbai,2,62000.0,per_month,670,10.0,semi-furnished,https://www.squareyards.com/rental-2-bhk-670-sq-ft-apartment-in-neminath-nemi-bhavan/10518049,Goregaon West,19.150754,72.849549,True,0,92.5,3.75
squareyards,Jogeshwari West,Mumbai,2,85000.0,per_month,1100,17.0,unfurnished,https://www.squareyards.com/rental-2-bhk-pooja-room-1100-sq-ft-apartment-in-lashkaria-green-height/10474642,Jogeshwari West,19.142052,72.834135,True,0,77.3,4.53
squareyards,Malad East,Mumbai,2,55000.0,per_month,900,12.0,unfurnished,https://www.squareyards.com/rental-2-bhk-pooja-room-900-sq-ft-apartment-in-noble-heights/10440681,Malad East,19.183713,72.864089,True,0,61.1,5.66
squareyards,Chandivali,Mumbai,2,82000.0,per_month,1250,2.0,unfurnished,https://www.squareyards.com/rental-2-bhk-store-room-1250-sq-ft-apartment-in-k-raheja-ascencio/10496020,Chandivali,19.121091,72.894934,True,0,65.6,2.22
squareyards,Andheri West,Mumbai,2,65000.0,per_month,760,1.0,semi-furnished,https://www.squareyards.com/rental-2-bhk-760-sq-ft-apartment-in-oscar-diamond/10514917,Andheri West,19.1268140542416,72.8453620973147,True,0,85.5,2.51
squareyards,Goregaon East,Mumbai,2,87000.0,per_month,822,15.0,semi-furnished,https://www.squareyards.com/rental-2-bhk-prayer-room-study-room-822-sq-ft-apartment-in-raheja-ridgewood/10515977,Goregaon East,19.146015,72.854033,True,0,105.8,3.04
squareyards,Marol,Mumbai,2,82000.0,per_month,800,10.0,semi-furnished,https://www.squareyards.com/rental-2-bhk-study-room-800-sq-ft-apartment-in-blossom-chsl/10450398,Marol,19.1173012,72.8840395,True,0,102.5,1.1
squareyards,Andheri East,Mumbai,2,65000.0,per_month,700,1.0,furnished,https://www.squareyards.com/rental-2-bhk-study-room-700-sq-ft-apartment-in-ng-complex/10464553,Andheri East,19.11654,72.88753,True,0,92.9,1.3
squareyards,Malad East,Mumbai,1,47000.0,per_month,422,15.0,semi-furnished,https://www.squareyards.com/rental-1-bhk-pooja-room-study-room-422-sq-ft-apartment-in-rizvi-cedar/10501996,Malad East,19.191098,72.862479,True,0,111.4,4.84
squareyards,Andheri East,Mumbai,1,68000.0,per_month,550,10.0,furnished,https://www.squareyards.com/rental-1-bhk-store-room-550-sq-ft-apartment-in-sheth-vasant-oasis/10511542,Andheri East,19.114715,72.884097,True,0,123.6,0.9
squareyards,Andheri East,Mumbai,1,50000.0,per_month,500,7.0,furnished,https://www.squareyards.com/rental-1-bhk-study-room-500-sq-ft-apartment-in-lok-yamuna/10464536,Andheri East,19.121292,72.884916,True,0,100.0,1.27
squareyards,Chembur,Mumbai,3,110000.0,per_month,1100,3.0,semi-furnished,https://www.squareyards.com/rental-3-bhk-study-room-1100-sq-ft-apartment-in-kartik-apartment/10531783,Chembur,19.05718,72.90281,True,0,100.0,0.62
squareyards,Goregaon West,Mumbai,5,170000.0,per_month,1500,15.0,unfurnished,https://www.squareyards.com/rental-3-5-bhk-servant-room-1500-sq-ft-apartment-in-wadhwa-imperial-heights/10520568,Goregaon West,19.152858,72.840617,True,0,113.3,4.58
squareyards,Bandra West,Mumbai,1,32000.0,per_month,200,9.0,furnished,https://www.squareyards.com/rental-1-rk-pooja-room-200-sq-ft-apartment-in-bandra-west/10485761,Bandra West,19.0595596,72.8295287,True,1,160.0,2.38
squareyards,Andheri West,Mumbai,2,75000.0,per_month,725,11.0,furnished,https://www.squareyards.com/rental-2-bhk-725-sq-ft-apartment-in-ganesh-chs-andheri-west/10475493,Andheri West,19.12451228,72.8316356,True,0,103.4,3.14
squareyards,Andheri East,Mumbai,1,45000.0,per_month,500,10.0,semi-furnished,https://www.squareyards.com/rental-1-bhk-study-room-500-sq-ft-apartment-in-deepak-daffodils/10464476,Andheri East,19.11985,72.881961,True,0,90.0,0.92
squareyards,Santacruz West,Mumbai,1,65000.0,per_month,500,6.0,furnished,https://www.squareyards.com/rental-1-bhk-500-sq-ft-apartment-in-santacruz-west/10523935,Santacruz West,19.0840704,72.8380186,True,0,130.0,1.09
squareyards,Andheri West,Mumbai,3,300000.0,per_month,2100,63.0,furnished,https://www.squareyards.com/rental-3-bhk-2100-sq-ft-apartment-in-transcon-triumph-tower/10519311,Andheri West,19.13767,72.834864,True,0,142.9,4.07
squareyards,Andheri West,Mumbai,2,80000.0,per_month,750,2.0,furnished,https://www.squareyards.com/rental-2-bhk-pooja-room-750-sq-ft-apartment-in-shivam-mamta/10478785,Andheri West,19.1372301,72.8326694,True,0,106.7,4.15
squareyards,Andheri West,Mumbai,2,75000.0,per_month,700,6.0,semi-furnished,https://www.squareyards.com/rental-2-bhk-700-sq-ft-apartment-in-accord-chs-andheri-west/10481405,Andheri West,19.144588,72.826855,True,0,107.1,5.17
squareyards,Andheri West,Mumbai,2,301000.0,per_month,666,6.0,unfurnished,https://www.squareyards.com/rental-2-bhk-extra-room-666-sq-ft-apartment-in-horizon-chs/10441008,Andheri West,19.13672746,72.82845687,True,0,452.0,4.36
squareyards,Andheri East,Mumbai,1,58000.0,per_month,500,11.0,furnished,https://www.squareyards.com/rental-1-bhk-study-room-500-sq-ft-apartment-in-manavsthal-heights/10471068,Andheri East,19.116034,72.886572,True,0,116.0,1.19
squareyards,Chembur,Mumbai,3,130000.0,per_month,900,5.0,semi-furnished,https://www.squareyards.com/rental-3-bhk-pooja-room-900-sq-ft-apartment-in-sabari-mira/10506371,Chembur,19.06035,72.902128,True,0,144.4,0.96
squareyards,Sakinaka,Mumbai,2,70000.0,per_month,800,7.0,furnished,https://www.squareyards.com/rental-2-bhk-study-room-800-sq-ft-apartment-in-gundecha-builders-montego/10471486,Sakinaka,19.099471,72.886125,True,0,87.5,1.27
squareyards,Powai,Mumbai,2,85000.0,per_month,1100,9.0,furnished,https://www.squareyards.com/rental-2-bhk-store-room-1100-sq-ft-apartment-in-new-mhada-colony-powai/10450837,Powai,19.1230950180622,72.8948255932208,True,0,77.3,2.24
squareyards,Andheri East,Mumbai,2,77000.0,per_month,800,8.0,semi-furnished,https://www.squareyards.com/rental-2-bhk-study-room-800-sq-ft-apartment-in-pride-royal-park/10453318,Andheri East,19.122404,72.885968,True,0,96.2,1.35
squareyards,Andheri West,Mumbai,1,55000.0,per_month,498,8.0,semi-furnished,https://www.squareyards.com/rental-1-bhk-498-sq-ft-apartment-in-level-the-residences/10446631,Andheri West,19.146006,72.836274,True,0,110.4,4.52
squareyards,Goregaon East,Mumbai,2,80000.0,per_month,780,10.0,furnished,https://www.squareyards.com/rental-2-bhk-pooja-room-780-sq-ft-apartment-in-yash-orion/10460511,Goregaon East,19.161838,72.856647,True,0,102.6,4.37
squareyards,Andheri West,Mumbai,2,65000.0,per_month,600,17.0,semi-furnished,https://www.squareyards.com/rental-2-bhk-store-room-600-sq-ft-apartment-in-pratham-5th-element/10527667,Andheri West,19.128,72.8397,True,0,108.3,2.89
squareyards,Bandra West,Mumbai,3,200000.0,per_month,1200,9.0,semi-furnished,https://www.squareyards.com/rental-3-bhk-pooja-room-servant-room-study-room-1200-sq-ft-apartment-in-man-shanti-sadan/10473440,Bandra West,19.06332,72.836671,True,0,166.7,1.52
squareyards,Powai,Mumbai,1,55000.0,per_month,500,4.0,semi-furnished,https://www.squareyards.com/rental-1-bhk-study-room-500-sq-ft-apartment-in-crescent-silverwoods/10528110,Powai,19.115138,72.894143,True,0,110.0,1.79
squareyards,Goregaon East,Mumbai,3,225000.0,per_month,1515,49.0,semi-furnished,https://www.squareyards.com/rental-3-bhk-pooja-room-servant-room-study-room-1515-sq-ft-apartment-in-oberoi-realty-esquire/10473859,Goregaon East,19.169827,72.86377,True,0,148.5,4.98
squareyards,Santacruz West,Mumbai,8,800000.0,per_month,6000,6.0,furnished,https://www.squareyards.com/rental-6-bhk-pooja-room-servant-room-extra-room-6000-sq-ft-apartment-in-tapovan-chs/10440862,Santacruz West,19.0820422275199,72.8358087213213,True,0,133.3,1.23
squareyards,Kemps Corner,Mumbai,1,90000.0,per_month,650,5.0,furnished,https://www.squareyards.com/rental-1-bhk-basement-store-room-650-sq-ft-apartment-in-mahavir-heights/10539871,Kemps Corner,18.962913,72.811089,True,0,138.5,0.73
squareyards,Malad East,Mumbai,2,75000.0,per_month,788,15.0,furnished,https://www.squareyards.com/rental-2-bhk-pooja-room-788-sq-ft-apartment-in-dynamix-divum/10472006,Malad East,19.178041,72.871778,True,0,95.2,5.79
squareyards,Tardeo,Mumbai,2,90000.0,per_month,580,20.0,unfurnished,https://www.squareyards.com/rental-2-bhk-basement-580-sq-ft-apartment-in-shreepati-skies/10505043,Tardeo,18.9644,72.8117,True,0,155.2,0.68
squareyards,Powai,Mumbai,5,75000.0,per_month,900,3.0,furnished,https://www.squareyards.com/rental-3-5-bhk-900-sq-ft-apartment-in-hiranandani-powai-park/10478353,Powai,19.116918,72.909181,True,0,83.3,3.35
squareyards,Goregaon East,Mumbai,1,42000.0,per_month,425,12.0,furnished,https://www.squareyards.com/rental-1-bhk-425-sq-ft-apartment-in-mantri-park/10461964,Goregaon East,19.169326,72.880853,True,0,98.8,4.88
squareyards,Juhu,Mumbai,3,300000.0,per_month,1300,9.0,semi-furnished,https://www.squareyards.com/rental-3-bhk-1300-sq-ft-apartment-in-dlh-legacy/10540041,Juhu,19.1169,72.8304,True,0,230.8,2.77
squareyards,Malad West,Mumbai,1,48000.0,per_month,440,38.0,unfurnished,https://www.squareyards.com/rental-1-bhk-pooja-room-440-sq-ft-apartment-in-sheth-irene/10473152,Malad West,19.185516,72.837611,True,0,109.1,6.08
squareyards,Goregaon East,Mumbai,1,47000.0,per_month,454,16.0,semi-furnished,https://www.squareyards.com/rental-1-bhk-pooja-room-454-sq-ft-apartment-in-im-applaud-38/10471875,Goregaon East,19.173157,72.856901,True,0,103.5,5.53
squareyards,Malad West,Mumbai,2,86000.0,per_month,700,25.0,unfurnished,https://www.squareyards.com/rental-2-bhk-pooja-room-700-sq-ft-apartment-in-sheth-auris-serenity-tower-2/10461047,Malad West,19.191779,72.835777,True,0,122.9,5.56
squareyards,Goregaon East,Mumbai,1,48000.0,per_month,480,2.0,furnished,https://www.squareyards.com/rental-1-bhk-store-room-480-sq-ft-apartment-in-bhoomi-gokul/10505701,Goregaon East,19.177784,72.865787,True,0,100.0,5.82
squareyards,Kanjurmarg West,Mumbai,3,101000.0,per_month,1129,1.0,semi-furnished,https://www.squareyards.com/rental-3-bhk-extra-room-1129-sq-ft-apartment-in-runwal-forests/10489838,Kanjurmarg West,19.136516,72.932046,True,0,89.5,6.24
squareyards,Ghatkopar West,Mumbai,3,128000.0,per_month,1070,20.0,semi-furnished,https://www.squareyards.com/rental-3-bhk-1070-sq-ft-apartment-in-wadhwa-the-address-boulevard/10534079,Ghatkopar West,19.098048,72.919816,True,0,119.6,4.49
squareyards,Vikhroli West,Mumbai,2,75000.0,per_month,800,12.0,furnished,https://www.squareyards.com/rental-2-bhk-800-sq-ft-apartment-in-mayfair-sonata-greens/10534398,Vikhroli West,19.106295,72.916475,True,0,93.8,3.99
squareyards,Bandra West,Mumbai,4,600000.0,per_month,1703,13.0,unfurnished,https://www.squareyards.com/rental-4-bhk-pooja-room-1703-sq-ft-apartment-in-cassias-apartment/10488561,Bandra West,19.05950333,72.82967167,True,0,352.3,2.37
squareyards,Goregaon East,Mumbai,1,25000.0,per_month,350,4.0,semi-furnished,https://www.squareyards.com/rental-1-rk-350-sq-ft-apartment-in-navbharat-sahyog-chs/10517210,Goregaon East,19.17139043,72.86600181,True,0,71.4,5.11
squareyards,Kanjurmarg West,Mumbai,3,102000.0,per_month,1129,2.0,semi-furnished,https://www.squareyards.com/rental-3-bhk-extra-room-1129-sq-ft-apartment-in-runwal-forests/10489879,Kanjurmarg West,19.136516,72.932046,True,0,90.3,6.24
squareyards,Bangur Nagar,Mumbai,3,100000.0,per_month,1057,12.0,semi-furnished,https://www.squareyards.com/rental-3-bhk-1057-sq-ft-apartment-in-kolte-patil-verve/10468524,Bangur Nagar,19.163807,72.834294,True,0,94.6,5.9
squareyards,Malad East,Mumbai,1,56000.0,per_month,487,9.0,semi-furnished,https://www.squareyards.com/rental-1-bhk-store-room-487-sq-ft-apartment-in-k-raheja-raheja-residency/10458326,Malad East,19.177501,72.876135,True,1,115.0,5.73
squareyards,Malad East,Mumbai,1,28000.0,per_month,400,19.0,semi-furnished,https://www.squareyards.com/rental-1-bhk-400-sq-ft-apartment-in-sanjay-gandhi-nagar-chs/10535446,Malad East,19.176546,72.868475,True,0,70.0,5.65
squareyards,Chembur,Mumbai,2,70000.0,per_month,700,7.0,unfurnished,https://www.squareyards.com/rental-2-bhk-700-sq-ft-apartment-in-sidhivinayak-apurva-heights/10509254,Chembur,19.054718,72.893964,True,0,100.0,0.14
squareyards,Powai,Mumbai,2,85000.0,per_month,814,13.0,semi-furnished,https://www.squareyards.com/rental-2-bhk-pooja-room-814-sq-ft-apartment-in-kanakia-silicon-valley/10472030,Powai,19.118357,72.91856,True,0,104.4,4.34
squareyards,Chandivali,Mumbai,3,128000.0,per_month,1000,6.0,semi-furnished,https://www.squareyards.com/rental-3-bhk-study-room-1000-sq-ft-apartment-in-godrej-urban-park/10520952,Chandivali,19.106476,72.900911,True,0,128.0,2.36
squareyards,Chandivali,Mumbai,2,82000.0,per_month,900,1.0,semi-furnished,https://www.squareyards.com/rental-2-bhk-900-sq-ft-apartment-in-k-raheja-ascencio/10519331,Chandivali,19.121091,72.894934,True,0,91.1,2.22
squareyards,Sakinaka,Mumbai,2,65000.0,per_month,1200,2.0,unfurnished,https://www.squareyards.com/rental-2-bhk-store-room-1200-sq-ft-apartment-in-dsk-madhuban/10503778,Sakinaka,19.098482,72.885828,True,0,54.2,1.27
squareyards,Bandra Kurla Complex,Mumbai,4,710000.0,per_month,3200,5.0,semi-furnished,https://www.squareyards.com/rental-4-bhk-servant-room-3200-sq-ft-apartment-in-sunteck-signia-isles/10542474,Bandra Kurla Complex,19.06725,72.869997,True,0,221.9,1.77
squareyards,Bhandup East,Mumbai,1,24000.0,per_month,600,2.0,semi-furnished,https://www.squareyards.com/rental-1-bhk-600-sq-ft-apartment-in-bhandup-east/10503468,Bhandup East,19.1469969,72.9486952,True,0,40.0,4.65
squareyards,Chembur,Mumbai,2,65000.0,per_month,750,5.0,semi-furnished,https://www.squareyards.com/rental-2-bhk-750-sq-ft-apartment-in-swaraj-kalash/10447444,Chembur,19.053163,72.91212,True,0,86.7,0.79
squareyards,Andheri East,Mumbai,2,80000.0,per_month,721,4.0,furnished,https://www.squareyards.com/rental-2-bhk-721-sq-ft-apartment-in-kanakia-rainforest/10472067,Andheri East,19.122926,72.884015,True,0,111.0,1.13
squareyards,Goregaon West,Mumbai,2,65000.0,per_month,560,3.0,furnished,https://www.squareyards.com/rental-2-bhk-prayer-room-560-sq-ft-apartment-in-atul-chs/10539808,Goregaon West,19.1329584,72.8411737,True,0,116.1,3.31
squareyards,Jacob Circle,Mumbai,5,115000.0,per_month,750,12.0,furnished,https://www.squareyards.com/rental-2-5-bhk-extra-room-750-sq-ft-apartment-in-olympia-tower/10533801,Jacob Circle,18.982206,72.832177,True,0,153.3,0.77
squareyards,Bandra West,Mumbai,3,340000.0,per_month,2000,21.0,semi-furnished,https://www.squareyards.com/rental-3-bhk-pooja-room-store-room-2000-sq-ft-apartment-in-dlh-signature/10490761,Bandra West,19.053485,72.834834,True,0,170.0,1.76
squareyards,Goregaon East,Mumbai,1,55000.0,per_month,550,9.0,furnished,https://www.squareyards.com/rental-550-sq-ft-office-space-in-corporate-annexe/10489148,Goregaon East,,,False,1,100.0,
squareyards,Natwar Nagar,Mumbai,1,70000.0,per_month,550,20.0,unfurnished,https://www.squareyards.com/rental-1-bhk-study-room-550-sq-ft-apartment-in-natwar-nagar/10505058,Natwar Nagar,19.0865579894721,72.8810664643325,True,0,127.3,1.89
squareyards,Chembur,Mumbai,3,130000.0,per_month,1100,3.0,semi-furnished,https://www.squareyards.com/rental-3-bhk-1100-sq-ft-apartment-in-kukreja-residency/10481151,Chembur,19.049874,72.909876,True,0,118.2,0.37
squareyards,Vikhroli West,Mumbai,2,72000.0,per_month,850,8.0,furnished,https://www.squareyards.com/rental-2-bhk-850-sq-ft-apartment-in-mayfair-sonata-greens/10464888,Vikhroli West,19.106295,72.916475,True,0,84.7,3.99
squareyards,Powai,Mumbai,3,145000.0,per_month,1400,10.0,furnished,https://www.squareyards.com/rental-3-bhk-store-room-1400-sq-ft-apartment-in-lake-home/10482090,Powai,19.114684,72.902158,True,0,103.6,2.57
squareyards,Powai,Mumbai,2,58000.0,per_month,650,7.0,semi-furnished,https://www.squareyards.com/rental-2-bhk-650-sq-ft-apartment-in-suncity-complex/10458361,Powai,19.126154,72.921526,True,0,89.2,4.92
squareyards,Borivali East,Mumbai,2,45000.0,per_month,600,5.0,unfurnished,https://www.squareyards.com/rental-2-bhk-600-sq-ft-apartment-in-borivali-east/10469678,Borivali East,19.2297814,72.86085589999999,True,0,75.0,0.59
squareyards,Prabhadevi,Mumbai,3,375000.0,per_month,1500,14.0,semi-furnished,https://www.squareyards.com/rental-3-bhk-1500-sq-ft-apartment-in-sumer-trinity-towers/10489153,Prabhadevi,19.011492,72.830383,True,0,250.0,0.49
squareyards,Bangur Nagar,Mumbai,3,100000.0,per_month,1072,10.0,semi-furnished,https://www.squareyards.com/rental-3-bhk-1072-sq-ft-apartment-in-kolte-patil-verve/10459702,Bangur Nagar,19.163807,72.834294,True,0,93.3,5.9
squareyards,Powai,Mumbai,1,58000.0,per_month,650,2.0,semi-furnished,https://www.squareyards.com/rental-1-bhk-study-room-650-sq-ft-apartment-in-k-raheja-corp-maple-leaf/10470857,Powai,19.117121,72.893559,True,0,89.2,1.84
squareyards,Goregaon East,Mumbai,1,27000.0,per_month,400,6.0,unfurnished,https://www.squareyards.com/rental-1-bhk-400-sq-ft-apartment-in-avant-hillway/10540997,Goregaon East,19.176231,72.871196,True,0,67.5,5.59
squareyards,Andheri West,Mumbai,2,85000.0,per_month,690,10.0,semi-furnished,https://www.squareyards.com/rental-2-bhk-690-sq-ft-apartment-in-pratham-5th-element/10538456,Andheri West,19.128,72.8397,True,0,123.2,2.89
squareyards,Goregaon East,Mumbai,2,82000.0,per_month,750,14.0,semi-furnished,https://www.squareyards.com/rental-2-bhk-pooja-room-study-room-750-sq-ft-apartment-in-hetali-blessings/10497780,Goregaon East,19.167253,72.853964,True,0,109.3,5.04
squareyards,Chembur,Mumbai,2,65000.0,per_month,680,7.0,semi-furnished,https://www.squareyards.com/rental-2-bhk-680-sq-ft-apartment-in-kukreja-estate/10478407,Chembur,19.053083,72.895587,True,0,95.6,0.31
squareyards,Chembur,Mumbai,1,67000.0,per_month,430,10.0,furnished,https://www.squareyards.com/rental-1-bhk-430-sq-ft-apartment-in-gurukripa-building/10506236,Chembur,19.0328096,72.8963568,True,0,155.8,2.02
squareyards,Chembur,Mumbai,1,55000.0,per_month,470,1.0,unfurnished,https://www.squareyards.com/rental-1-bhk-470-sq-ft-apartment-in-bhoj-bhavan/10490964,Chembur,19.0544711417848,72.892334443609,True,0,117.0,0.06
squareyards,Chembur,Mumbai,1,52000.0,per_month,530,10.0,semi-furnished,https://www.squareyards.com/rental-1-bhk-530-sq-ft-apartment-in-swaraj-kalash/10490639,Chembur,19.053163,72.91212,True,0,98.1,0.79
squareyards,Chembur,Mumbai,3,145000.0,per_month,1100,12.0,furnished,https://www.squareyards.com/rental-3-bhk-1100-sq-ft-apartment-in-bholenath-chembur-castle/10478713,Chembur,19.051299,72.906677,True,0,131.8,0.38
squareyards,Vikhroli East,Mumbai,3,180000.0,per_month,1350,7.0,semi-furnished,https://www.squareyards.com/rental-3-bhk-1350-sq-ft-apartment-in-godrej-platinum-mumbai/10464381,Vikhroli East,19.102628,72.928448,True,0,133.3,5.28
squareyards,Andheri East,Mumbai,1,54000.0,per_month,600,6.0,semi-furnished,https://www.squareyards.com/rental-1-bhk-store-room-600-sq-ft-apartment-in-crescent-landmark/10512163,Andheri East,19.110691,72.881714,True,0,90.0,0.41
squareyards,Chembur,Mumbai,3,90000.0,per_month,1000,9.0,unfurnished,https://www.squareyards.com/rental-3-bhk-1000-sq-ft-apartment-in-nisarg-chs-chembur/10500587,Chembur,19.0696829,72.8919715,True,0,90.0,1.73
squareyards,Bandra West,Mumbai,1,50000.0,per_month,200,1.0,semi-furnished,https://www.squareyards.com/rental-1-rk-pooja-room-200-sq-ft-apartment-in-bandra-west/10472998,Bandra West,19.0595596,72.8295287,True,0,250.0,2.38
squareyards,Powai,Mumbai,2,68000.0,per_month,900,7.0,semi-furnished,https://www.squareyards.com/rental-2-bhk-store-room-900-sq-ft-apartment-in-silver-crest-powai/10521782,Powai,19.120197,72.893831,True,0,75.6,2.06
squareyards,Deonar,Mumbai,2,95000.0,per_month,750,10.0,furnished,https://www.squareyards.com/rental-2-bhk-750-sq-ft-apartment-in-raheja-acropolis/10506503,Deonar,19.047958,72.916976,True,0,126.7,1.05
squareyards,Santacruz East,Mumbai,2,85000.0,per_month,1100,5.0,semi-furnished,https://www.squareyards.com/rental-2-bhk-1100-sq-ft-apartment-in-emerald-apartment-santacruz/10483253,Santacruz East,19.0804527378622,72.8540158556832,True,0,77.3,0.74
squareyards,Malad East,Mumbai,3,115000.0,per_month,1150,3.0,semi-furnished,https://www.squareyards.com/rental-3-bhk-store-room-1150-sq-ft-apartment-in-omkar-alta-monte/10490377,Malad East,19.183693,72.861179,True,0,100.0,5.67
squareyards,Powai,Mumbai,2,97000.0,per_month,677,10.0,semi-furnished,https://www.squareyards.com/rental-2-bhk-store-room-677-sq-ft-apartment-in-hiranandani-highland/10510629,Powai,19.118103,72.912369,True,0,143.3,3.71
squareyards,Chembur,Mumbai,2,85000.0,per_month,700,3.0,semi-furnished,https://www.squareyards.com/rental-2-bhk-700-sq-ft-apartment-in-tridhaatu-morya/10442298,Chembur,19.051756,72.918625,True,0,121.4,1.3
squareyards,Borivali West,Mumbai,2,58000.0,per_month,640,13.0,semi-furnished,https://www.squareyards.com/rental-2-bhk-extra-room-640-sq-ft-apartment-in-bhoomi-pratishtha/10535184,Borivali West,19.2325,72.8424,True,0,90.6,2.19
squareyards,Chembur,Mumbai,5,100000.0,per_month,1000,13.0,unfurnished,https://www.squareyards.com/rental-2-5-bhk-1000-sq-ft-apartment-in-godrej-central/10472281,Chembur,19.064053,72.892619,True,0,100.0,1.1
squareyards,Andheri West,Mumbai,2,75000.0,per_month,750,6.0,furnished,https://www.squareyards.com/rental-2-bhk-750-sq-ft-apartment-in-divyam-heights/10452497,Andheri West,19.121328,72.839541,True,0,100.0,2.3
squareyards,Vikhroli East,Mumbai,3,180000.0,per_month,1100,9.0,semi-furnished,https://www.squareyards.com/rental-3-bhk-1100-sq-ft-apartment-in-godrej-the-trees-phase-ii/10465002,Vikhroli East,19.093269,72.920159,True,0,163.6,4.69
squareyards,Malad East,Mumbai,3,105000.0,per_month,1088,10.0,furnished,https://www.squareyards.com/rental-3-bhk-pooja-room-1088-sq-ft-apartment-in-k-raheja-heights/10469710,Malad East,19.177289,72.8773,True,0,96.5,5.72
squareyards,Powai,Mumbai,2,84000.0,per_month,900,16.0,semi-furnished,https://www.squareyards.com/rental-2-bhk-study-room-900-sq-ft-apartment-in-k-raheja-corp-maple-leaf/10470886,Powai,19.117121,72.893559,True,0,93.3,1.84
squareyards,Chembur,Mumbai,2,75000.0,per_month,750,4.0,unfurnished,https://www.squareyards.com/rental-2-bhk-750-sq-ft-apartment-in-sunder-apartments/10472159,Chembur,19.051821,72.900098,True,0,100.0,0.18
squareyards,Chandivali,Mumbai,2,85000.0,per_month,900,1.0,semi-furnished,https://www.squareyards.com/rental-2-bhk-study-room-900-sq-ft-apartment-in-k-raheja-ascencio/10452808,Chandivali,19.121091,72.894934,True,0,94.4,2.22
squareyards,Malad East,Mumbai,1,45000.0,per_month,400,4.0,furnished,https://www.squareyards.com/rental-1-bhk-400-sq-ft-apartment-in-vasant-valley-complex/10488414,Malad East,19.177058,72.862804,True,0,112.5,5.79
squareyards,Vikhroli West,Mumbai,2,75000.0,per_month,630,14.0,furnished,https://www.squareyards.com/rental-2-bhk-630-sq-ft-apartment-in-mayfair-the-view/10464862,Vikhroli West,19.105689,72.917573,True,0,119.0,4.11
squareyards,Goregaon West,Mumbai,2,57000.0,per_month,700,6.0,unfurnished,https://www.squareyards.com/rental-2-bhk-pooja-room-700-sq-ft-apartment-in-acme-complex-2a/10461084,Goregaon West,19.173312,72.840079,True,0,81.4,6.34
squareyards,Goregaon West,Mumbai,2,52000.0,per_month,650,6.0,unfurnished,https://www.squareyards.com/rental-2-bhk-pooja-room-650-sq-ft-apartment-in-sethia-green-view/10473177,Goregaon West,19.1661439211859,72.837214454462,True,0,80.0,5.89
squareyards,Santacruz East,Mumbai,3,125000.0,per_month,1400,8.0,furnished,https://www.squareyards.com/rental-3-bhk-1400-sq-ft-apartment-in-g-p-solitaire/10510306,Santacruz East,19.075992,72.859663,True,0,89.3,1.27
squareyards,Malad West,Mumbai,2,185000.0,per_month,1000,9.0,furnished,https://www.squareyards.com/rental-1000-sq-ft-office-space-in-aalind-fortuna/10442751,Malad West,,,False,1,185.0,
squareyards,Vikhroli West,Mumbai,2,68000.0,per_month,800,14.0,furnished,https://www.squareyards.com/rental-2-bhk-800-sq-ft-apartment-in-mayfair-sonata-greens/10458203,Vikhroli West,19.106295,72.916475,True,0,85.0,3.99
squareyards,Wadala,Mumbai,3,165000.0,per_month,965,15.0,semi-furnished,https://www.squareyards.com/rental-3-bhk-pooja-room-servant-room-965-sq-ft-apartment-in-dosti-eastern-bay-phase-1/10454705,Wadala,19.022674,72.867548,True,0,171.0,2.83
squareyards,Bhandup West,Mumbai,3,72000.0,per_month,1000,9.0,semi-furnished,https://www.squareyards.com/rental-3-bhk-1000-sq-ft-apartment-in-mahindra-splendour/10465149,Bhandup West,19.140375,72.933196,True,0,72.0,5.99
squareyards,Santacruz East,Mumbai,2,71000.0,per_month,1000,7.0,furnished,https://www.squareyards.com/rental-2-bhk-1000-sq-ft-apartment-in-greenfields-apartments/10482543,Santacruz East,19.077303,72.857848,True,0,71.0,1.15
squareyards,Chembur,Mumbai,2,80000.0,per_month,660,8.0,semi-furnished,https://www.squareyards.com/rental-2-bhk-660-sq-ft-apartment-in-janki-heritage/10472425,Chembur,19.062211,72.895359,True,0,121.2,0.94
squareyards,Ghatkopar West,Mumbai,4,275000.0,per_month,2200,13.0,semi-furnished,https://www.squareyards.com/rental-4-bhk-2200-sq-ft-apartment-in-the-wadhwa-the-address/10445267,Ghatkopar West,19.097797,72.920018,True,0,125.0,4.51
squareyards,Chembur,Mumbai,2,90000.0,per_month,790,12.0,furnished,https://www.squareyards.com/rental-2-bhk-basement-790-sq-ft-apartment-in-godrej-prime/10519804,Chembur,19.063173,72.891839,True,0,113.9,1.01
squareyards,Khar West,Mumbai,1,80000.0,per_month,500,3.0,semi-furnished,https://www.squareyards.com/rental-1-bhk-500-sq-ft-apartment-in-khar-west/10522373,Khar West,19.0699819,72.8338084,True,0,160.0,1.63
squareyards,Andheri East,Mumbai,2,95000.0,per_month,550,5.0,furnished,https://www.squareyards.com/rental-2-bhk-basement-550-sq-ft-apartment-in-gurunanak-complex/10537199,Andheri East,19.113026,72.877824,True,0,172.7,0.51
squareyards,Jogeshwari East,Mumbai,2,65000.0,per_month,750,6.0,furnished,https://www.squareyards.com/rental-2-bhk-basement-750-sq-ft-apartment-in-deepti-sweta/10508115,Jogeshwari East,19.129455,72.851441,True,0,86.7,2.37
squareyards,Malad West,Mumbai,2,57000.0,per_month,650,5.0,semi-furnished,https://www.squareyards.com/rental-2-bhk-pooja-room-servant-room-study-room-extra-room-basement-store-room-650-sq-ft-apartment-in-krishna-vastu-apartment/10441176,Malad West,19.18945,72.83171833,True,0,87.7,6.01
squareyards,Worli,Mumbai,2,80000.0,per_month,750,15.0,unfurnished,https://www.squareyards.com/rental-2-bhk-prayer-room-750-sq-ft-apartment-in-adarsh-nagar-chs-worli/10535556,Worli,19.014238,72.823164,True,0,106.7,0.75
squareyards,Goregaon West,Mumbai,3,90000.0,per_month,1200,7.0,semi-furnished,https://www.squareyards.com/rental-3-bhk-1200-sq-ft-apartment-in-chirag-vijayi-jwala/10514378,Goregaon West,19.160497,72.838856,True,0,75.0,5.3
squareyards,Malad East,Mumbai,1,48000.0,per_month,400,5.0,furnished,https://www.squareyards.com/rental-1-bhk-400-sq-ft-apartment-in-dindoshi-onkar-chs/10461913,Malad East,19.175192,72.861546,True,0,120.0,5.62
squareyards,Powai,Mumbai,3,200000.0,per_month,1550,20.0,furnished,https://www.squareyards.com/rental-3-bhk-basement-store-room-1550-sq-ft-apartment-in-hiranandani-gardens-octavius/10533576,Powai,19.114579,72.912815,True,0,129.0,3.66
squareyards,Goregaon East,Mumbai,2,100000.0,per_month,800,13.0,semi-furnished,https://www.squareyards.com/rental-2-bhk-pooja-room-servant-room-study-room-800-sq-ft-apartment-in-db-woods/10473772,Goregaon East,19.1717335632515,72.8701690398811,True,0,125.0,5.1
squareyards,Goregaon East,Mumbai,3,295000.0,per_month,1367,5.0,furnished,https://www.squareyards.com/rental-3-bhk-store-room-1367-sq-ft-apartment-in-oberoi-realty-esquire/10471669,Goregaon East,19.1726023,72.85794589999999,True,0,215.8,5.44
squareyards,Malad West,Mumbai,1,32000.0,per_month,340,2.0,furnished,https://www.squareyards.com/rental-1-bhk-pooja-room-340-sq-ft-apartment-in-chincholi-apartment/10488747,Malad West,19.17834023,72.83849043,True,0,94.1,6.77
squareyards,Powai,Mumbai,1,80000.0,per_month,400,17.0,furnished,https://www.squareyards.com/rental-1-bhk-study-room-400-sq-ft-apartment-in-hiranandani-regent-hill/10525591,Powai,19.116994,72.913059,True,0,200.0,3.74
squareyards,Andheri East,Mumbai,1,75000.0,per_month,600,22.0,furnished,https://www.squareyards.com/rental-1-bhk-store-room-600-sq-ft-apartment-in-sheth-vasant-oasis-phase-iii/10470900,Andheri East,19.11463,72.884094,True,0,125.0,0.89
squareyards,Andheri East,Mumbai,3,100000.0,per_month,1000,5.0,furnished,https://www.squareyards.com/rental-3-bhk-1000-sq-ft-apartment-in-amrapali-chs-andheri/10446367,Andheri East,19.11747,72.851,True,0,100.0,1.33
squareyards,Versova,Mumbai,1,65000.0,per_month,550,17.0,furnished,https://www.squareyards.com/rental-1-bhk-550-sq-ft-apartment-in-nahars-everest/10484120,Versova,19.135968,72.809729,True,0,118.2,5.73
squareyards,Jogeshwari East,Mumbai,2,75000.0,per_month,750,10.0,semi-furnished,https://www.squareyards.com/rental-2-bhk-basement-750-sq-ft-apartment-in-kalpataru-vivant/10514606,Jogeshwari East,19.137776,72.861949,True,0,100.0,1.8
squareyards,Goregaon East,Mumbai,2,69000.0,per_month,975,19.0,semi-furnished,https://www.squareyards.com/rental-2-bhk-975-sq-ft-apartment-in-group-seven-rushi-heights/10545739,Goregaon East,19.179149,72.872283,True,0,70.8,5.91
squareyards,Chembur,Mumbai,2,71000.0,per_month,1222,14.0,semi-furnished,https://www.squareyards.com/rental-2-bhk-1222-sq-ft-apartment-in-rite-skyluxe/10535780,Chembur,19.057756,72.904474,True,0,58.1,0.73
squareyards,Kanjurmarg East,Mumbai,3,70000.0,per_month,950,6.0,semi-furnished,https://www.squareyards.com/rental-3-bhk-950-sq-ft-apartment-in-rna-ng-royal-park-chs/10458588,Kanjurmarg East,19.13,72.93248,True,0,73.7,6.15
squareyards,Goregaon East,Mumbai,2,55000.0,per_month,1050,17.0,furnished,https://www.squareyards.com/rental-2-bhk-pooja-room-servant-room-study-room-extra-room-basement-store-room-1050-sq-ft-apartment-in-avant-hillway/10496943,Goregaon East,19.176231,72.871196,True,0,52.4,5.59
squareyards,Juhu,Mumbai,3,250000.0,per_month,1950,9.0,furnished,https://www.squareyards.com/rental-3-bhk-1950-sq-ft-apartment-in-dlh-legacy/10540697,Juhu,19.1169,72.8304,True,0,128.2,2.77
squareyards,Andheri West,Mumbai,2,75000.0,per_month,936,7.0,furnished,https://www.squareyards.com/rental-2-bhk-936-sq-ft-apartment-in-oshiwara-mhada/10528086,Andheri West,19.1512251309964,72.8312624245793,True,0,80.1,5.27
squareyards,Powai,Mumbai,2,70000.0,per_month,700,5.0,semi-furnished,https://www.squareyards.com/rental-2-bhk-pooja-room-700-sq-ft-apartment-in-raheja-sunglow/10462123,Powai,19.1163302372328,72.8937535899656,True,0,100.0,1.82
squareyards,Borivali East,Mumbai,2,40000.0,per_month,650,22.0,semi-furnished,https://www.squareyards.com/rental-2-bhk-650-sq-ft-apartment-in-teenmurti-summit/10537722,Borivali East,19.22016,72.86909,True,0,61.5,1.72
squareyards,Borivali West,Mumbai,2,54000.0,per_month,580,7.0,semi-furnished,https://www.squareyards.com/rental-2-bhk-580-sq-ft-apartment-in-vishram-yog-chs/10545483,Borivali West,19.230828,72.841169,True,0,93.1,2.34
squareyards,Andheri West,Mumbai,4,300000.0,per_month,2100,12.0,furnished,https://www.squareyards.com/rental-4-bhk-servant-room-extra-room-store-room-2100-sq-ft-penthouse-in-shishira-apartment/10537916,Andheri West,19.1493188102435,72.8248460076322,True,0,142.9,5.73
squareyards,Chembur,Mumbai,3,110000.0,per_month,1200,10.0,semi-furnished,https://www.squareyards.com/rental-3-bhk-1200-sq-ft-apartment-in-neelkanth-gardens/10518162,Chembur,19.053359,72.91547,True,0,91.7,1.08
squareyards,Cumbala Hill,Mumbai,1,90000.0,per_month,500,3.0,furnished,https://www.squareyards.com/rental-1-bhk-servant-room-500-sq-ft-apartment-in-jewellers-apartment/10539862,Cumbala Hill,18.96764676,72.80732996,True,0,180.0,1.23
squareyards,Chembur,Mumbai,2,95000.0,per_month,771,9.0,semi-furnished,https://www.squareyards.com/rental-2-bhk-771-sq-ft-apartment-in-concrete-sai-swayam/10518056,Chembur,19.0509,72.91849,True,0,123.2,1.25
squareyards,Ghatkopar West,Mumbai,4,398000.0,per_month,1502,8.0,semi-furnished,https://www.squareyards.com/rental-4-bhk-study-room-1502-sq-ft-apartment-in-kalpataru-aura/10455994,Ghatkopar West,19.0973596616911,72.9173035525092,True,0,265.0,4.25
squareyards,Andheri West,Mumbai,3,160000.0,per_month,1550,6.0,unfurnished,https://www.squareyards.com/rental-3-bhk-1550-sq-ft-apartment-in-samartha-meghdoot-apartment/10492137,Andheri West,19.145107,72.821382,True,0,103.2,5.55
squareyards,Malad East,Mumbai,5,80000.0,per_month,740,16.0,semi-furnished,https://www.squareyards.com/rental-2-5-bhk-store-room-740-sq-ft-apartment-in-omkar-signet/10541157,Malad East,19.1885009,72.8578352,True,0,108.1,5.16
squareyards,Powai,Mumbai,2,160000.0,per_month,1000,16.0,furnished,https://www.squareyards.com/rental-2-bhk-store-room-1000-sq-ft-apartment-in-hiranandani-atlantis/10535563,Powai,19.118953,72.908827,True,0,160.0,3.38
squareyards,Santacruz West,Mumbai,1,55000.0,per_month,500,2.0,furnished,https://www.squareyards.com/rental-1-bhk-500-sq-ft-apartment-in-santacruz-west/10522360,Santacruz West,19.0840704,72.8380186,True,0,110.0,1.09
squareyards,Sakinaka,Mumbai,1,58000.0,per_month,500,6.0,furnished,https://www.squareyards.com/rental-1-bhk-study-room-500-sq-ft-apartment-in-crescent-solitaire/10450378,Sakinaka,19.100651,72.88291,True,0,116.0,0.91
squareyards,Malad East,Mumbai,1,38000.0,per_month,430,3.0,furnished,https://www.squareyards.com/rental-1-bhk-store-room-430-sq-ft-apartment-in-new-gitanjali-chs/10466886,Malad East,19.1888856,72.8580304,True,0,88.4,5.11
squareyards,Juhu,Mumbai,2,85000.0,per_month,650,14.0,furnished,https://www.squareyards.com/rental-2-bhk-prayer-room-650-sq-ft-apartment-in-sagar-jyoti-apartment/10540652,Juhu,19.10797333,72.83296833,True,0,130.8,2.22
squareyards,Bandra West,Mumbai,3,275000.0,per_month,1200,5.0,semi-furnished,https://www.squareyards.com/rental-3-bhk-pooja-room-servant-room-store-room-1200-sq-ft-apartment-in-marble-arch-bandra/10490905,Bandra West,19.06547984,72.82779022,True,0,229.2,2.32
squareyards,Malad East,Mumbai,2,62000.0,per_month,680,11.0,semi-furnished,https://www.squareyards.com/rental-2-bhk-pooja-room-680-sq-ft-apartment-in-je-and-vee-shiv-krupa/10469121,Malad East,19.175913,72.862411,True,0,91.2,5.68
squareyards,Oshiwara,Mumbai,2,125000.0,per_month,670,28.0,furnished,https://www.squareyards.com/rental-2-bhk-study-room-670-sq-ft-apartment-in-dev-leo-tower/10533814,Oshiwara,19.145734,72.832757,True,0,186.6,4.83
squareyards,Kurla East,Mumbai,1,60000.0,per_month,401,2.0,semi-furnished,https://www.squareyards.com/rental-1-bhk-basement-401-sq-ft-apartment-in-deraiya-classico/10526977,Kurla East,19.061238,72.879505,True,0,149.6,1.61
squareyards,Chembur,Mumbai,2,110000.0,per_month,800,10.0,unfurnished,https://www.squareyards.com/rental-2-bhk-800-sq-ft-apartment-in-nazarene-apartment/10517987,Chembur,19.05797025,72.90093264,True,0,137.5,0.7
squareyards,Chembur,Mumbai,3,155000.0,per_month,1000,5.0,furnished,https://www.squareyards.com/rental-3-bhk-1000-sq-ft-apartment-in-anu-smera-celeste/10481105,Chembur,19.060577,72.902806,True,0,155.0,0.99
squareyards,Andheri West,Mumbai,4,400000.0,per_month,2300,23.0,semi-furnished,https://www.squareyards.com/rental-4-bhk-servant-room-extra-room-2300-sq-ft-apartment-in-windsor-grande-residences/10533800,Andheri West,19.151569,72.833298,True,0,173.9,5.11
squareyards,Goregaon East,Mumbai,1,24000.0,per_month,360,3.0,unfurnished,https://www.squareyards.com/rental-1-rk-360-sq-ft-apartment-in-satellite-garden/10517232,Goregaon East,19.172878,72.873839,True,0,66.7,5.21
squareyards,Goregaon West,Mumbai,5,350000.0,per_month,1400,701.0,furnished,https://www.squareyards.com/rental-3-5-bhk-1400-sq-ft-apartment-in-imperial-heights-goregaon-west/10457391,Goregaon West,19.151909,72.839993,True,0,250.0,4.57
squareyards,Malad East,Mumbai,3,88000.0,per_month,1110,7.0,semi-furnished,https://www.squareyards.com/rental-3-bhk-store-room-1110-sq-ft-apartment-in-poonam-vaishno-heights/10539717,Malad East,19.189674,72.8578264,True,0,79.3,5.03
squareyards,Chembur,Mumbai,2,77000.0,per_month,650,9.0,semi-furnished,https://www.squareyards.com/rental-2-bhk-650-sq-ft-apartment-in-concrete-sai-swayam/10478613,Chembur,19.0509,72.91849,True,0,118.5,1.25
squareyards,Sandesh Nagar,Mumbai,5,85000.0,per_month,550,10.0,semi-furnished,https://www.squareyards.com/rental-1-5-bhk-extra-room-550-sq-ft-apartment-in-sandesh-nagar/10470931,Sandesh Nagar,19.0865579894721,72.8810664643325,True,0,154.5,1.89
squareyards,Malad West,Mumbai,2,55000.0,per_month,700,2.0,furnished,https://www.squareyards.com/rental-2-bhk-700-sq-ft-apartment-in-rajendra-apartments-malad/10445670,Malad West,19.196595,72.835152,True,0,78.6,5.15
squareyards,Kurla West,Mumbai,2,80000.0,per_month,580,4.0,furnished,https://www.squareyards.com/rental-2-bhk-basement-580-sq-ft-apartment-in-omkar-meridia/10529584,Kurla West,19.069576,72.876461,True,0,137.9,2.43
squareyards,Malad West,Mumbai,2,52000.0,per_month,700,4.0,furnished,https://www.squareyards.com/rental-2-bhk-pooja-room-700-sq-ft-apartment-in-vinayak-apartments-malad-west/10460081,Malad West,19.17748,72.83725,True,0,74.3,6.89
squareyards,Malad West,Mumbai,1,50000.0,per_month,550,10.0,furnished,https://www.squareyards.com/rental-1-bhk-study-room-550-sq-ft-apartment-in-ashok-enclave-malad-west/10459914,Malad West,19.1793224828185,72.8371210418868,True,0,90.9,6.73
squareyards,Powai,Mumbai,3,150000.0,per_month,1450,4.0,furnished,https://www.squareyards.com/rental-3-bhk-basement-store-room-1450-sq-ft-apartment-in-hiranandani-gardens-valencia/10521340,Powai,19.120119,72.912069,True,0,103.4,3.75
squareyards,Malad West,Mumbai,1,45000.0,per_month,425,11.0,unfurnished,https://www.squareyards.com/rental-1-bhk-basement-425-sq-ft-apartment-in-kabra-garnet/10469811,Malad West,19.190241,72.844093,True,0,105.9,5.32
squareyards,Chembur,Mumbai,2,65000.0,per_month,700,7.0,furnished,https://www.squareyards.com/rental-2-bhk-700-sq-ft-apartment-in-twinkle-star-chs/10478280,Chembur,19.053028,72.905782,True,0,92.9,0.44
squareyards,Goregaon East,Mumbai,2,65000.0,per_month,850,19.0,semi-furnished,https://www.squareyards.com/rental-2-bhk-servant-room-extra-room-850-sq-ft-apartment-in-group-seven-rushi-heights/10547303,Goregaon East,19.179149,72.872283,True,0,76.5,5.91
squareyards,Chembur,Mumbai,2,85000.0,per_month,720,13.0,furnished,https://www.squareyards.com/rental-2-bhk-720-sq-ft-apartment-in-siddhi-garima/10487406,Chembur,19.045825,72.891058,True,0,118.1,0.94
squareyards,Goregaon East,Mumbai,1,52000.0,per_month,454,25.0,semi-furnished,https://www.squareyards.com/rental-1-bhk-store-room-454-sq-ft-apartment-in-im-applaud-38/10467947,Goregaon East,19.1709951,72.8567857,True,0,114.5,5.31
squareyards,Andheri West,Mumbai,6,900000.0,per_month,4600,15.0,unfurnished,https://www.squareyards.com/rental-6-bhk-store-room-4600-sq-ft-apartment-in-windsor-grande-residences/10538845,Andheri West,19.151569,72.833298,True,0,195.7,5.11
squareyards,Andheri West,Mumbai,3,190000.0,per_month,1200,701.0,furnished,https://www.squareyards.com/rental-3-bhk-1200-sq-ft-apartment-in-oberoi-springs/10468321,Andheri West,19.138769,72.83466,True,0,158.3,4.19
squareyards,Chembur,Mumbai,1,55000.0,per_month,420,13.0,semi-furnished,https://www.squareyards.com/rental-1-bhk-420-sq-ft-apartment-in-poddar-spraha-diamond/10491098,Chembur,19.05727,72.904633,True,0,131.0,0.68
squareyards,Worli,Mumbai,4,570000.0,per_month,1990,32.0,unfurnished,https://www.squareyards.com/rental-4-bhk-pooja-room-study-room-store-room-1990-sq-ft-apartment-in-lodha-the-world-towers-world-one-tier-2/10487322,Worli,19.00224,72.826286,True,0,286.4,1.02
squareyards,Goregaon East,Mumbai,5,115000.0,per_month,1500,22.0,semi-furnished,https://www.squareyards.com/rental-2-5-bhk-1500-sq-ft-apartment-in-db-woods/10542539,Goregaon East,19.1717335632515,72.8701690398811,True,0,76.7,5.1
squareyards,Ghatkopar West,Mumbai,5,110000.0,per_month,1200,8.0,unfurnished,https://www.squareyards.com/rental-2-5-bhk-1200-sq-ft-apartment-in-the-wadhwa-the-address/10444359,Ghatkopar West,19.097797,72.920018,True,0,91.7,4.51
squareyards,Chembur,Mumbai,2,90000.0,per_month,730,10.0,semi-furnished,https://www.squareyards.com/rental-2-bhk-730-sq-ft-apartment-in-tridhaatu-lakshmi-vani/10487484,Chembur,19.059852,72.897935,True,0,123.3,0.83
squareyards,Malad West,Mumbai,2,68000.0,per_month,750,10.0,semi-furnished,https://www.squareyards.com/rental-2-bhk-store-room-750-sq-ft-apartment-in-serenity-heights/10468838,Malad West,19.178885,72.833735,True,0,90.7,6.92
squareyards,Wadala,Mumbai,3,155000.0,per_month,965,6.0,semi-furnished,https://www.squareyards.com/rental-3-bhk-pooja-room-servant-room-study-room-965-sq-ft-apartment-in-dosti-eastern-bay-phase-2/10446922,Wadala,19.022051,72.867263,True,0,160.6,2.9
squareyards,Chembur,Mumbai,1,55000.0,per_month,408,7.0,furnished,https://www.squareyards.com/rental-1-bhk-408-sq-ft-apartment-in-ashirwad-apartment-chembur/10500163,Chembur,19.059386,72.903145,True,0,134.8,0.86
squareyards,Deonar,Mumbai,1,60000.0,per_month,440,13.0,semi-furnished,https://www.squareyards.com/rental-1-bhk-440-sq-ft-apartment-in-satyam-springs/10490795,Deonar,19.050512,72.915343,True,0,136.4,0.92
squareyards,Andheri West,Mumbai,3,200000.0,per_month,1700,21.0,furnished,https://www.squareyards.com/rental-3-bhk-study-room-1700-sq-ft-apartment-in-hdil-metropolis-residences/10533929,Andheri West,19.130583,72.828359,True,0,117.6,3.85
squareyards,Chembur,Mumbai,2,65000.0,per_month,700,1.0,unfurnished,https://www.squareyards.com/rental-2-bhk-700-sq-ft-apartment-in-kyraa-ariso-apartment/10500095,Chembur,19.057444,72.905727,True,0,92.9,0.76
squareyards,Malad West,Mumbai,1,35000.0,per_month,450,1.0,semi-furnished,https://www.squareyards.com/rental-1-bhk-extra-room-450-sq-ft-apartment-in-shree-shivkirti-chs/10460178,Malad West,19.17752833,72.83996,True,0,77.8,6.74
squareyards,Chembur,Mumbai,2,85000.0,per_month,720,5.0,unfurnished,https://www.squareyards.com/rental-2-bhk-720-sq-ft-apartment-in-chhadva-residency/10509429,Chembur,19.04892,72.90722,True,0,118.1,0.11
squareyards,Chembur,Mumbai,2,95000.0,per_month,800,5.0,semi-furnished,https://www.squareyards.com/rental-2-bhk-800-sq-ft-apartment-in-bholenath-aryan-anchal/10500066,Chembur,19.032991,72.896598,True,0,118.8,1.99
squareyards,Wadala,Mumbai,3,168000.0,per_month,1040,1.0,semi-furnished,https://www.squareyards.com/rental-3-bhk-pooja-room-servant-room-extra-room-1040-sq-ft-apartment-in-dosti-eastern-bay-phase-1/10455467,Wadala,19.022674,72.867548,True,0,161.5,2.83
squareyards,Chembur,Mumbai,4,175000.0,per_month,1400,3.0,unfurnished,https://www.squareyards.com/rental-4-bhk-1400-sq-ft-apartment-in-avron-v/10447665,Chembur,19.053177,72.901483,True,0,125.0,0.17
squareyards,Chembur,Mumbai,1,55000.0,per_month,430,1202.0,furnished,https://www.squareyards.com/rental-1-bhk-study-room-430-sq-ft-apartment-in-spenta-alta-vista/10535603,Chembur,19.051808,72.8867,True,0,127.9,0.69
squareyards,Chembur,Mumbai,2,90000.0,per_month,680,6.0,furnished,https://www.squareyards.com/rental-2-bhk-680-sq-ft-apartment-in-tridhaatu-morya/10500082,Chembur,19.051756,72.918625,True,0,132.4,1.3
squareyards,Wadala East,Mumbai,3,140000.0,per_month,1150,33.0,semi-furnished,https://www.squareyards.com/rental-3-bhk-basement-1150-sq-ft-apartment-in-dosti-group-ambrosia/10527263,Wadala East,19.0253313474901,72.8677466065711,True,0,121.7,2.55
squareyards,Powai,Mumbai,1,57000.0,per_month,400,6.0,semi-furnished,https://www.squareyards.com/rental-1-bhk-study-room-400-sq-ft-apartment-in-l-and-t-emerald-isle/10453302,Powai,19.123388,72.894532,True,0,142.5,2.2
squareyards,Jogeshwari East,Mumbai,2,82000.0,per_month,670,7.0,furnished,https://www.squareyards.com/rental-2-bhk-670-sq-ft-apartment-in-avant-heritage/10457313,Jogeshwari East,19.138506,72.859044,True,0,122.4,2.08
squareyards,Goregaon East,Mumbai,3,85000.0,per_month,989,2.0,semi-furnished,https://www.squareyards.com/rental-3-bhk-store-room-989-sq-ft-apartment-in-group-seven-rushi-heights/10486821,Goregaon East,19.1715144,72.8591173,True,0,85.9,5.29
squareyards,Juhu,Mumbai,3,200000.0,per_month,950,4.0,furnished,https://www.squareyards.com/rental-3-bhk-pooja-room-950-sq-ft-apartment-in-amal-mangal-meeth-chs/10454949,Juhu,19.113507,72.832023,True,0,210.5,2.46
squareyards,Goregaon West,Mumbai,2,80000.0,per_month,810,11.0,semi-furnished,https://www.squareyards.com/rental-2-bhk-study-room-810-sq-ft-apartment-in-sunteck-city-avenue-1/10522382,Goregaon West,19.150469,72.84766,True,0,98.8,3.86
squareyards,Chembur,Mumbai,3,150000.0,per_month,1100,11.0,semi-furnished,https://www.squareyards.com/rental-3-bhk-1100-sq-ft-apartment-in-safal-twins/10447689,Chembur,19.046411,72.915765,True,0,136.4,0.94
squareyards,Marol,Mumbai,1,60000.0,per_month,500,7.0,semi-furnished,https://www.squareyards.com/rental-1-bhk-study-room-500-sq-ft-apartment-in-arkade-prime/10464507,Marol,19.109135,72.881233,True,0,120.0,0.29
squareyards,Goregaon East,Mumbai,3,250000.0,per_month,1820,4.0,furnished,https://www.squareyards.com/rental-3-bhk-servant-room-extra-room-basement-store-room-1820-sq-ft-apartment-in-oberoi-realty-exquisite/10535060,Goregaon East,19.171611,72.863705,True,0,137.4,5.18
squareyards,Malad West,Mumbai,2,75000.0,per_month,800,5.0,semi-furnished,https://www.squareyards.com/rental-2-bhk-basement-800-sq-ft-apartment-in-interface-building/10465312,Malad West,19.1860398,72.82985772,True,0,93.8,6.43
squareyards,Goregaon East,Mumbai,5,135000.0,per_month,1500,28.0,semi-furnished,https://www.squareyards.com/rental-2-5-bhk-1500-sq-ft-apartment-in-db-woods/10542423,Goregaon East,19.1717335632515,72.8701690398811,True,0,90.0,5.1
squareyards,Wadala,Mumbai,2,120000.0,per_month,900,18.0,semi-furnished,https://www.squareyards.com/rental-2-bhk-900-sq-ft-apartment-in-lodha-new-cuffe-parade/10543656,Wadala,19.037684,72.879023,True,0,133.3,0.91
squareyards,Goregaon East,Mumbai,2,75000.0,per_month,960,21.0,semi-furnished,https://www.squareyards.com/rental-2-bhk-960-sq-ft-apartment-in-im-applaud-38/10529309,Goregaon East,19.173157,72.856901,True,0,78.1,5.53
squareyards,Malad East,Mumbai,3,105000.0,per_month,1050,9.0,semi-furnished,https://www.squareyards.com/rental-3-bhk-store-room-1050-sq-ft-apartment-in-kanakia-levels/10490425,Malad East,19.1900696,72.8578936,True,0,100.0,4.98
squareyards,Andheri West,Mumbai,3,185000.0,per_month,1200,7.0,furnished,https://www.squareyards.com/rental-3-bhk-1200-sq-ft-apartment-in-oberoi-springs/10457358,Andheri West,19.138769,72.83466,True,0,154.2,4.19
squareyards,Malad East,Mumbai,3,82500.0,per_month,861,10.0,semi-furnished,https://www.squareyards.com/rental-3-bhk-store-room-861-sq-ft-apartment-in-upper-east-97/10518946,Malad East,19.1885255,72.8582297,True,0,95.8,5.15
squareyards,Worli,Mumbai,5,500000.0,per_month,1900,47.0,unfurnished,https://www.squareyards.com/rental-5-bhk-pooja-room-study-room-extra-room-store-room-1900-sq-ft-apartment-in-lodha-the-park/10493347,Worli,19.006066,72.829268,True,0,263.2,1.09
squareyards,Ghatkopar West,Mumbai,2,65000.0,per_month,649,8.0,semi-furnished,https://www.squareyards.com/rental-2-bhk-649-sq-ft-apartment-in-the-wadhwa-the-address/10464305,Ghatkopar West,19.097797,72.920018,True,0,100.2,4.51
squareyards,Chembur,Mumbai,3,110000.0,per_month,1000,4.0,semi-furnished,https://www.squareyards.com/rental-3-bhk-1000-sq-ft-apartment-in-aayush-ayaansh/10449232,Chembur,19.060951,72.902784,True,0,110.0,1.03
squareyards,Goregaon West,Mumbai,3,160000.0,per_month,2050,15.0,furnished,https://www.squareyards.com/rental-3-bhk-servant-room-2050-sq-ft-apartment-in-mahindra-eminente/10462259,Goregaon West,19.168089,72.847925,True,0,78.0,5.41
squareyards,Goregaon East,Mumbai,2,84000.0,per_month,750,25.0,furnished,https://www.squareyards.com/rental-2-bhk-store-room-750-sq-ft-apartment-in-romell-aether/10517402,Goregaon East,19.169767,72.852983,True,0,112.0,5.33
squareyards,Vikhroli East,Mumbai,5,218000.0,per_month,1270,9.0,semi-furnished,https://www.squareyards.com/rental-3-5-bhk-store-room-1270-sq-ft-apartment-in-godrej-the-trees/10445173,Vikhroli East,19.092531,72.922302,True,0,171.7,4.93
squareyards,Santacruz East,Mumbai,2,77000.0,per_month,1000,4.0,furnished,https://www.squareyards.com/rental-2-bhk-1000-sq-ft-apartment-in-hi-sky-adcon-meridian/10493268,Santacruz East,19.080291,72.845377,True,0,77.0,0.21
squareyards,Tanji Nagar,Mumbai,2,75000.0,per_month,650,22.0,furnished,https://www.squareyards.com/rental-2-bhk-prayer-room-study-room-650-sq-ft-apartment-in-tanji-nagar/10511255,Tanji Nagar,19.1955101,72.8628801,True,0,115.4,4.35
squareyards,Colaba,Mumbai,1,100000.0,per_month,550,2.0,furnished,https://www.squareyards.com/rental-1-bhk-prayer-room-550-sq-ft-apartment-in-pushpa-vihar-chs/10511309,Colaba,18.911584,72.822016,True,0,181.8,0.26
squareyards,Goregaon East,Mumbai,2,65000.0,per_month,905,23.0,furnished,https://www.squareyards.com/rental-2-bhk-store-room-905-sq-ft-apartment-in-omkar-ananta/10488012,Goregaon East,19.16852,72.878099,True,0,71.8,4.75
squareyards,Goregaon East,Mumbai,2,60000.0,per_month,905,12.0,furnished,https://www.squareyards.com/rental-2-bhk-store-room-905-sq-ft-apartment-in-mantri-serene/10494255,Goregaon East,19.167915,72.881131,True,0,66.3,4.73
squareyards,Chembur,Mumbai,2,72000.0,per_month,700,4.0,unfurnished,https://www.squareyards.com/rental-2-bhk-700-sq-ft-apartment-in-bdl-aura-apartments/10464865,Chembur,19.05383,72.905665,True,0,102.9,0.47
squareyards,Andheri West,Mumbai,4,500000.0,per_month,2300,23.0,furnished,https://www.squareyards.com/rental-4-bhk-servant-room-store-room-2300-sq-ft-apartment-in-windsor-grande-residences/10499697,Andheri West,19.151569,72.833298,True,0,217.4,5.11
squareyards,Vikhroli West,Mumbai,1,43000.0,per_month,280,9.0,furnished,https://www.squareyards.com/rental-1-rk-280-sq-ft-apartment-in-mayfair-housing-hillcrest/10464804,Vikhroli West,19.107457,72.915492,True,0,153.6,3.88
squareyards,Dn Nagar,Mumbai,2,80000.0,per_month,650,5.0,semi-furnished,https://www.squareyards.com/rental-2-bhk-650-sq-ft-apartment-in-dn-nagar/10522226,Dn Nagar,19.120441,72.8289973,True,0,123.1,3.09
squareyards,Goregaon West,Mumbai,1,30000.0,per_month,322,11.0,semi-furnished,https://www.squareyards.com/rental-1-bhk-store-room-322-sq-ft-apartment-in-goregaon-west/10539299,Goregaon West,19.1695831,72.8427351,True,0,93.2,5.84
squareyards,Marine Lines,Mumbai,2,100000.0,per_month,1000,2.0,furnished,https://www.squareyards.com/rental-2-bhk-servant-room-1000-sq-ft-apartment-in-gokul-apartment-marine/10502219,Marine Lines,18.95173,72.82738,True,0,100.0,0.55
squareyards,Goregaon East,Mumbai,2,80000.0,per_month,850,15.0,semi-furnished,https://www.squareyards.com/rental-2-bhk-store-room-850-sq-ft-apartment-in-goyal-lakshchandi-heights/10450180,Goregaon East,19.1724563,72.8560979,True,0,94.1,5.49
squareyards,Goregaon East,Mumbai,1,49000.0,per_month,650,2.0,furnished,https://www.squareyards.com/rental-1-bhk-650-sq-ft-apartment-in-bhoomi-gokul/10451937,Goregaon East,19.177784,72.865787,True,0,75.4,5.82
squareyards,Kanjurmarg West,Mumbai,2,60000.0,per_month,750,5.0,semi-furnished,https://www.squareyards.com/rental-2-bhk-750-sq-ft-apartment-in-gundecha-altura/10465075,Kanjurmarg West,19.136279,72.929861,True,0,80.0,6.01
squareyards,Tardeo,Mumbai,5,60000.0,per_month,470,6.0,furnished,https://www.squareyards.com/rental-1-5-bhk-servant-room-470-sq-ft-apartment-in-maniyar-apartment/10483069,Tardeo,18.97492,72.81248,True,0,127.7,1.07
squareyards,Vikhroli West,Mumbai,2,65000.0,per_month,629,17.0,unfurnished,https://www.squareyards.com/rental-2-bhk-629-sq-ft-apartment-in-mayfair-the-view/10464849,Vikhroli West,19.105689,72.917573,True,0,103.3,4.11
squareyards,Andheri West,Mumbai,5,110000.0,per_month,980,20.0,semi-furnished,https://www.squareyards.com/rental-2-5-bhk-store-room-980-sq-ft-apartment-in-dlh-orchid/10520281,Andheri West,19.1420569834118,72.8261217723516,True,0,112.2,4.98
squareyards,Chembur,Mumbai,2,80000.0,per_month,700,8.0,unfurnished,https://www.squareyards.com/rental-2-bhk-700-sq-ft-apartment-in-heritage-solitaire/10472588,Chembur,19.043898,72.894223,True,0,114.3,1.15
squareyards,Kanjurmarg East,Mumbai,3,104000.0,per_month,1129,32.0,semi-furnished,https://www.squareyards.com/rental-3-bhk-1129-sq-ft-apartment-in-lodha-aurum-grande/10465183,Kanjurmarg East,19.128493,72.930003,True,0,92.1,5.84
squareyards,Goregaon East,Mumbai,3,125000.0,per_month,1100,10.0,furnished,https://www.squareyards.com/rental-3-bhk-store-room-1100-sq-ft-apartment-in-aster-tower/10443928,Goregaon East,19.176344,72.86092,True,0,113.6,5.76
squareyards,Chembur,Mumbai,4,220000.0,per_month,2145,5.0,furnished,https://www.squareyards.com/rental-4-bhk-2145-sq-ft-apartment-in-heritage-pride-mumbai/10442519,Chembur,19.056866,72.902549,True,0,102.6,0.58
squareyards,Malad East,Mumbai,4,275000.0,per_month,3330,29.0,semi-furnished,https://www.squareyards.com/rental-4-bhk-servant-room-store-room-3330-sq-ft-apartment-in-omkar-alta-monte/10480635,Malad East,19.1881172,72.8578903,True,0,82.6,5.2
squareyards,Powai,Mumbai,3,150000.0,per_month,1400,8.0,furnished,https://www.squareyards.com/rental-3-bhk-basement-store-room-1400-sq-ft-apartment-in-lake-home/10463969,Powai,19.114684,72.902158,True,0,107.1,2.57
squareyards,Kanjurmarg West,Mumbai,2,62000.0,per_month,660,22.0,semi-furnished,https://www.squareyards.com/rental-2-bhk-660-sq-ft-apartment-in-runwal-forests/10464705,Kanjurmarg West,19.136516,72.932046,True,0,93.9,6.24
squareyards,Malad East,Mumbai,2,75000.0,per_month,680,10.0,semi-furnished,https://www.squareyards.com/rental-2-bhk-pooja-room-680-sq-ft-apartment-in-k-raheja-raheja-residency/10469704,Malad East,19.177501,72.876135,True,0,110.3,5.73
squareyards,Powai,Mumbai,1,70000.0,per_month,300,8.0,semi-furnished,https://www.squareyards.com/rental-1-bhk-store-room-300-sq-ft-apartment-in-hiranandani-regent-hill/10518553,Powai,19.116994,72.913059,True,0,233.3,3.74
squareyards,Oshiwara,Mumbai,2,95000.0,per_month,670,1234.0,semi-furnished,https://www.squareyards.com/rental-2-bhk-670-sq-ft-apartment-in-dev-leo-tower/10453132,Oshiwara,19.145734,72.832757,True,0,141.8,4.83
squareyards,Malad West,Mumbai,3,140000.0,per_month,1400,19.0,furnished,https://www.squareyards.com/rental-3-bhk-1400-sq-ft-apartment-in-serenity-heights/10541110,Malad West,19.178885,72.833735,True,0,100.0,6.92
squareyards,Dalal Estate,Mumbai,1,70000.0,per_month,550,20.0,unfurnished,https://www.squareyards.com/rental-1-bhk-servant-room-550-sq-ft-apartment-in-nathni-height/10513238,Dalal Estate,18.968433,72.819967,True,0,127.3,0.22
squareyards,Bangur Nagar,Mumbai,3,100000.0,per_month,1050,10.0,semi-furnished,https://www.squareyards.com/rental-3-bhk-1050-sq-ft-apartment-in-kolte-patil-verve/10514971,Bangur Nagar,19.163807,72.834294,True,0,95.2,5.9
squareyards,Malad West,Mumbai,1,35000.0,per_month,432,8.0,unfurnished,https://www.squareyards.com/rental-1-bhk-432-sq-ft-apartment-in-bhoomi-park/10454954,Malad West,19.201364,72.819948,True,0,81.0,5.85
squareyards,Wadala,Mumbai,5,42000.0,per_month,450,6.0,semi-furnished,https://www.squareyards.com/rental-1-5-bhk-450-sq-ft-apartment-in-kalpak-estate/10514855,Wadala,19.014836,72.864527,True,0,93.3,2.83
squareyards,Malad East,Mumbai,2,75000.0,per_month,770,4.0,semi-furnished,https://www.squareyards.com/rental-2-bhk-store-room-770-sq-ft-apartment-in-k-raheja-raheja-residency/10466125,Malad East,19.175752,72.869888,True,0,97.4,5.55
squareyards,Malad East,Mumbai,3,90000.0,per_month,1700,9.0,furnished,https://www.squareyards.com/rental-3-bhk-study-room-1700-sq-ft-apartment-in-shah-arcade-ii/10541092,Malad East,19.182601,72.856843,True,0,52.9,5.82
squareyards,Malad West,Mumbai,1,26000.0,per_month,306,18.0,semi-furnished,https://www.squareyards.com/rental-1-bhk-extra-room-306-sq-ft-apartment-in-saptarshi-chs/10538531,Malad West,19.1863,72.8365,True,0,85.0,6.06
squareyards,Malad East,Mumbai,3,60000.0,per_month,950,6.0,semi-furnished,https://www.squareyards.com/rental-3-bhk-store-room-950-sq-ft-apartment-in-padmavati-maitri-gaurav/10541188,Malad East,19.1898455,72.857798,True,0,63.2,5.01
squareyards,Andheri West,Mumbai,1,65000.0,per_month,388,9.0,furnished,https://www.squareyards.com/rental-1-bhk-388-sq-ft-apartment-in-lotus-signature/10483864,Andheri West,19.127991,72.839506,True,1,167.5,2.9
squareyards,Vikhroli West,Mumbai,2,61000.0,per_month,650,9.0,semi-furnished,https://www.squareyards.com/rental-2-bhk-650-sq-ft-apartment-in-raj-legacy-i/10464428,Vikhroli West,19.116908,72.926683,True,0,93.8,5.14
squareyards,Malad East,Mumbai,1,56000.0,per_month,650,12.0,furnished,https://www.squareyards.com/rental-1-bhk-650-sq-ft-apartment-in-k-raheja-raheja-residency/10516974,Malad East,19.177501,72.876135,True,0,86.2,5.73
squareyards,Andheri West,Mumbai,5,250000.0,per_month,1200,22.0,furnished,https://www.squareyards.com/rental-2-5-bhk-1200-sq-ft-apartment-in-oberoi-realty-springs/10462020,Andheri West,19.1388851,72.83465369999999,True,0,208.3,4.2
squareyards,Goregaon East,Mumbai,2,45000.0,per_month,981,11.0,furnished,https://www.squareyards.com/rental-2-bhk-pooja-room-study-room-981-sq-ft-apartment-in-garden-view-apartment/10495966,Goregaon East,19.1531958299402,72.8865832279232,True,0,45.9,3.31
squareyards,Powai,Mumbai,3,240000.0,per_month,1700,20.0,semi-furnished,https://www.squareyards.com/rental-3-bhk-basement-store-room-1700-sq-ft-apartment-in-raj-grandeur/10450731,Powai,19.121325,72.918361,True,0,141.2,4.42
squareyards,Nepean Sea Road,Mumbai,5,280000.0,per_month,1300,5.0,unfurnished,https://www.squareyards.com/rental-2-5-bhk-servant-room-1300-sq-ft-apartment-in-sanghi-house/10513684,Nepean Sea Road,18.9515058089075,72.7963064466596,True,0,215.4,2.63
squareyards,Goregaon West,Mumbai,3,90000.0,per_month,1200,15.0,semi-furnished,https://www.squareyards.com/rental-3-bhk-1200-sq-ft-apartment-in-chandak-stella/10541081,Goregaon West,19.172208,72.846954,True,0,75.0,5.86
squareyards,Andheri West,Mumbai,3,230000.0,per_month,1460,15.0,furnished,https://www.squareyards.com/rental-3-bhk-store-room-1460-sq-ft-apartment-in-andheri-west/10540702,Andheri West,19.1350711,72.81132,True,0,157.5,5.54
squareyards,Chembur,Mumbai,3,130000.0,per_month,1300,5.0,semi-furnished,https://www.squareyards.com/rental-3-bhk-1300-sq-ft-apartment-in-hubtown-seasons/10538659,Chembur,19.058453,72.895371,True,0,100.0,0.55
squareyards,Goregaon West,Mumbai,2,80000.0,per_month,640,701.0,semi-furnished,https://www.squareyards.com/rental-2-bhk-640-sq-ft-apartment-in-anmol-chs-goregaon/10492542,Goregaon West,19.170532703023,72.8433550394059,True,0,125.0,5.89
squareyards,Bandra East,Mumbai,3,275000.0,per_month,1400,12.0,semi-furnished,https://www.squareyards.com/rental-3-bhk-pooja-room-servant-room-1400-sq-ft-apartment-in-adani-ten-bkc/10467033,Bandra East,19.056192,72.848892,True,0,196.4,0.79
squareyards,Lower Parel,Mumbai,3,250000.0,per_month,1700,2.0,semi-furnished,https://www.squareyards.com/rental-3-bhk-extra-room-1700-sq-ft-apartment-in-mittal-phoenix-tower/10533810,Lower Parel,18.995721,72.829392,True,0,147.1,1.0
squareyards,Goregaon West,Mumbai,3,100000.0,per_month,1200,701.0,semi-furnished,https://www.squareyards.com/rental-3-bhk-1200-sq-ft-apartment-in-ekta-tripolis/10514181,Goregaon West,19.154588,72.842697,True,0,83.3,4.55
squareyards,Chembur,Mumbai,3,140000.0,per_month,1400,10.0,semi-furnished,https://www.squareyards.com/rental-3-bhk-1400-sq-ft-apartment-in-sindhi-society/10545187,Chembur,19.0519159,72.8908059,True,0,100.0,0.32
squareyards,Jogeshwari West,Mumbai,1,80000.0,per_month,450,9.0,unfurnished,https://www.squareyards.com/rental-450-sq-ft-office-space-in-morya-estate/10498665,Jogeshwari West,,,False,1,177.8,
squareyards,Wadala,Mumbai,2,62000.0,per_month,700,7.0,semi-furnished,https://www.squareyards.com/rental-2-bhk-basement-700-sq-ft-apartment-in-sanghvi-heights/10471808,Wadala,19.020587,72.864366,True,0,88.6,2.66
squareyards,Chembur,Mumbai,2,75000.0,per_month,720,7.0,semi-furnished,https://www.squareyards.com/rental-2-bhk-720-sq-ft-apartment-in-blue-bell-chembur/10536156,Chembur,19.044243,72.904472,True,0,104.2,0.49
squareyards,Mahalaxmi,Mumbai,4,360000.0,per_month,1850,45.0,unfurnished,https://www.squareyards.com/rental-4-bhk-prayer-room-store-room-1850-sq-ft-apartment-in-piramal-mahalaxmi/10516609,Mahalaxmi,18.983085,72.826831,True,0,194.6,0.43
squareyards,Goregaon West,Mumbai,1,45000.0,per_month,440,701.0,unfurnished,https://www.squareyards.com/rental-1-bhk-440-sq-ft-apartment-in-chandak-34-park-estate/10490337,Goregaon West,19.167242,72.841577,True,0,102.3,5.7
squareyards,Goregaon East,Mumbai,2,78000.0,per_month,1050,14.0,furnished,https://www.squareyards.com/rental-2-bhk-1050-sq-ft-apartment-in-chandak-paloma/10444135,Goregaon East,19.16818,72.853134,True,0,74.3,5.17
squareyards,Worli,Mumbai,1,300500.0,per_month,601,9.0,unfurnished,https://www.squareyards.com/rental-601-sq-ft-office-space-in-worli/10452982,Worli,,,False,1,500.0,
squareyards,Malad West,Mumbai,1,46000.0,per_month,450,22.0,furnished,https://www.squareyards.com/rental-1-bhk-store-room-450-sq-ft-apartment-in-gurukrupa-marina-enclave/10445529,Malad West,19.202248,72.815244,True,0,102.2,6.18
squareyards,Goregaon East,Mumbai,3,235000.0,per_month,1375,2.0,furnished,https://www.squareyards.com/rental-3-bhk-store-room-1375-sq-ft-apartment-in-oberoi-exquisite-goregaon/10455711,Goregaon East,19.171529,72.863911,True,0,170.9,5.17
squareyards,Andheri East,Mumbai,1,50000.0,per_month,550,6.0,semi-furnished,https://www.squareyards.com/rental-1-bhk-basement-550-sq-ft-apartment-in-eco-nest-andheri-east/10470268,Andheri East,19.1194203849942,72.8848945384194,True,0,90.9,1.21
squareyards,Colaba,Mumbai,1,60000.0,per_month,360,5.0,furnished,https://www.squareyards.com/rental-1-bhk-store-room-360-sq-ft-apartment-in-kalpana-apartments-colaba/10505021,Colaba,18.918368,72.827984,True,0,166.7,0.76
squareyards,Chembur,Mumbai,3,135000.0,per_month,1300,7.0,furnished,https://www.squareyards.com/rental-3-bhk-1300-sq-ft-apartment-in-anu-smera-celeste/10536201,Chembur,19.060577,72.902806,True,0,103.8,0.99
squareyards,Goregaon West,Mumbai,5,90000.0,per_month,1000,25.0,unfurnished,https://www.squareyards.com/rental-2-5-bhk-extra-room-1000-sq-ft-apartment-in-ekta-tripolis/10520588,Goregaon West,19.154588,72.842697,True,0,90.0,4.55
squareyards,Powai,Mumbai,4,300000.0,per_month,3200,12.0,furnished,https://www.squareyards.com/rental-4-bhk-servant-room-extra-room-basement-store-room-3200-sq-ft-apartment-in-l-and-t-emerald-isle/10463991,Powai,19.123388,72.894532,True,0,93.8,2.2
squareyards,Andheri West,Mumbai,4,400000.0,per_month,3050,11.0,furnished,https://www.squareyards.com/rental-4-bhk-3050-sq-ft-apartment-in-windsor-grande-residences/10511758,Andheri West,19.151569,72.833298,True,0,131.1,5.11
squareyards,Goregaon West,Mumbai,3,150000.0,per_month,1450,18.0,furnished,https://www.squareyards.com/rental-3-bhk-study-room-1450-sq-ft-apartment-in-wadhwa-imperial-heights/10520582,Goregaon West,19.152858,72.840617,True,0,103.4,4.58
squareyards,Andheri West,Mumbai,3,175000.0,per_month,1500,9.0,furnished,https://www.squareyards.com/rental-1500-sq-ft-office-space-in-dhanashree-heights/10534733,Andheri West,,,False,1,116.7,
squareyards,Malad West,Mumbai,5,70000.0,per_month,943,16.0,semi-furnished,https://www.squareyards.com/rental-2-5-bhk-943-sq-ft-apartment-in-lotus-sky-garden/10536149,Malad West,19.198237,72.837412,True,0,74.2,4.86
squareyards,Chembur,Mumbai,2,85000.0,per_month,750,3.0,furnished,https://www.squareyards.com/rental-2-bhk-750-sq-ft-apartment-in-sindhi-society/10542420,Chembur,19.0512589,72.88964659999999,True,0,113.3,0.46
squareyards,Chembur,Mumbai,2,75000.0,per_month,750,5.0,furnished,https://www.squareyards.com/rental-2-bhk-750-sq-ft-apartment-in-veena-serenity/10536134,Chembur,19.062717,72.892611,True,0,100.0,0.96
squareyards,Goregaon East,Mumbai,3,240000.0,per_month,1100,4.0,furnished,https://www.squareyards.com/rental-3-bhk-servant-room-store-room-1100-sq-ft-apartment-in-oberoi-exquisite-goregaon/10467732,Goregaon East,19.171529,72.863911,True,0,218.2,5.17
squareyards,Mahalaxmi,Mumbai,3,350000.0,per_month,2100,47.0,unfurnished,https://www.squareyards.com/rental-3-bhk-prayer-room-store-room-2100-sq-ft-apartment-in-lokhandwala-minerva-mahalaxmi/10519460,Mahalaxmi,18.986985,72.827622,True,0,166.7,0.79
squareyards,Chembur,Mumbai,3,120000.0,per_month,1400,7.0,furnished,https://www.squareyards.com/rental-3-bhk-1400-sq-ft-apartment-in-diamond-garden/10543836,Chembur,19.054141,72.901802,True,0,85.7,0.27
squareyards,Chembur,Mumbai,2,72000.0,per_month,700,6.0,semi-furnished,https://www.squareyards.com/rental-2-bhk-700-sq-ft-apartment-in-luv-kush-tower/10518174,Chembur,19.048269,72.88831,True,0,102.9,0.81
squareyards,Oshiwara,Mumbai,2,125000.0,per_month,670,29.0,furnished,https://www.squareyards.com/rental-2-bhk-extra-room-670-sq-ft-apartment-in-dev-leo-tower/10455266,Oshiwara,19.145734,72.832757,True,0,186.6,4.83
squareyards,Goregaon West,Mumbai,2,70000.0,per_month,640,701.0,semi-furnished,https://www.squareyards.com/rental-2-bhk-640-sq-ft-apartment-in-chandak-stella/10499299,Goregaon West,19.172208,72.846954,True,0,109.4,5.86
squareyards,Andheri East,Mumbai,2,75000.0,per_month,700,9.0,semi-furnished,https://www.squareyards.com/rental-2-bhk-store-room-700-sq-ft-apartment-in-lodha-eternis/10528763,Andheri East,19.12186,72.86768,True,0,107.1,0.78
squareyards,Nagesh Patilwadi,Mumbai,3,115000.0,per_month,1200,10.0,furnished,https://www.squareyards.com/rental-3-bhk-1200-sq-ft-apartment-in-nagesh-patilwadi/10542243,Nagesh Patilwadi,19.0524002,72.9099234,True,0,95.8,0.58
squareyards,Juhu,Mumbai,4,300000.0,per_month,1550,8.0,semi-furnished,https://www.squareyards.com/rental-4-bhk-pooja-room-1550-sq-ft-apartment-in-amal-mangal-meeth-chs/10454927,Juhu,19.113507,72.832023,True,0,193.5,2.46
squareyards,Chembur,Mumbai,3,140000.0,per_month,1500,8.0,furnished,https://www.squareyards.com/rental-3-bhk-pooja-room-1500-sq-ft-apartment-in-rna-continental/10492055,Chembur,19.058636,72.904206,True,0,93.3,0.81
squareyards,Andheri West,Mumbai,3,200000.0,per_month,1150,9.0,semi-furnished,https://www.squareyards.com/rental-3-bhk-1150-sq-ft-apartment-in-the-park-residency-andheri/10540701,Andheri West,19.151867,72.830203,True,0,173.9,5.4
squareyards,Borivali West,Mumbai,2,61000.0,per_month,721,17.0,semi-furnished,https://www.squareyards.com/rental-2-bhk-721-sq-ft-apartment-in-royal-eksar-apartment/10521347,Borivali West,19.230725,72.846817,True,0,84.6,1.77
squareyards,Powai,Mumbai,3,110000.0,per_month,1750,11.0,furnished,https://www.squareyards.com/rental-3-bhk-pooja-room-servant-room-study-room-extra-room-basement-store-room-1750-sq-ft-apartment-in-ap-panchavati-b/10468453,Powai,19.115126,72.903392,True,0,62.9,2.71
squareyards,Andheri West,Mumbai,3,135000.0,per_month,1350,12.0,semi-furnished,https://www.squareyards.com/rental-3-bhk-1350-sq-ft-apartment-in-andheri-chs/10510776,Andheri West,19.118765,72.841925,True,0,100.0,1.92
squareyards,Malad West,Mumbai,3,68000.0,per_month,1000,7.0,unfurnished,https://www.squareyards.com/rental-3-bhk-1000-sq-ft-apartment-in-bhoomi-park/10455020,Malad West,19.201364,72.819948,True,0,68.0,5.85
squareyards,Andheri West,Mumbai,2,155000.0,per_month,800,9.0,furnished,https://www.squareyards.com/rental-800-sq-ft-office-space-in-peninsula-plaza/10546475,Andheri West,,,False,1,193.8,
squareyards,Andheri West,Mumbai,3,95000.0,per_month,950,1234.0,semi-furnished,https://www.squareyards.com/rental-3-bhk-950-sq-ft-apartment-in-palash-towers/10454433,Andheri West,19.1379896,72.8369791,True,0,100.0,4.0
squareyards,Goregaon East,Mumbai,2,70000.0,per_month,1050,12.0,furnished,https://www.squareyards.com/rental-2-bhk-1050-sq-ft-apartment-in-group-seven-rushi-heights/10536694,Goregaon East,19.179149,72.872283,True,0,66.7,5.91
squareyards,Malad East,Mumbai,1,40000.0,per_month,600,7.0,unfurnished,https://www.squareyards.com/rental-1-bhk-prayer-room-600-sq-ft-apartment-in-dgs-sheetal-tapovan/10537815,Malad East,19.180089,72.859428,True,0,66.7,6.08
squareyards,Vikhroli East,Mumbai,2,130000.0,per_month,780,1.0,semi-furnished,https://www.squareyards.com/rental-2-bhk-extra-room-780-sq-ft-apartment-in-godrej-the-trees/10490798,Vikhroli East,19.092531,72.922302,True,0,166.7,4.93
squareyards,Andheri West,Mumbai,2,65000.0,per_month,550,2.0,unfurnished,https://www.squareyards.com/rental-2-bhk-store-room-550-sq-ft-apartment-in-level-the-residences/10544030,Andheri West,19.146006,72.836274,True,0,118.2,4.52
squareyards,Andheri East,Mumbai,1,75000.0,per_month,550,21.0,furnished,https://www.squareyards.com/rental-1-bhk-basement-550-sq-ft-apartment-in-sheth-vasant-oasis/10512228,Andheri East,19.114715,72.884097,True,0,136.4,0.9
squareyards,Worli,Mumbai,4,570000.0,per_month,2267,54.0,unfurnished,https://www.squareyards.com/rental-4-bhk-pooja-room-study-room-store-room-2267-sq-ft-apartment-in-lodha-the-world-towers-world-one-tier-2/10487294,Worli,19.00224,72.826286,True,0,251.4,1.02
squareyards,Malad West,Mumbai,2,90000.0,per_month,897,9.0,furnished,https://www.squareyards.com/rental-2-bhk-897-sq-ft-apartment-in-chirag-bhagat-grandeur/10534171,Malad West,19.184965,72.83616,True,0,100.3,6.21
squareyards,Malad West,Mumbai,2,60000.0,per_month,700,6.0,furnished,https://www.squareyards.com/rental-2-bhk-700-sq-ft-apartment-in-navyug-chs-malad/10445676,Malad West,19.1907596,72.8343081,True,0,85.7,5.74
squareyards,Malad East,Mumbai,2,78000.0,per_month,788,9.0,semi-furnished,https://www.squareyards.com/rental-2-bhk-extra-room-788-sq-ft-apartment-in-dynamix-divum/10501998,Malad East,19.178041,72.871778,True,1,99.0,5.79
squareyards,Chembur,Mumbai,3,115000.0,per_month,1100,4.0,semi-furnished,https://www.squareyards.com/rental-3-bhk-1100-sq-ft-apartment-in-kartik-apartment/10480924,Chembur,19.05718,72.90281,True,0,104.5,0.62
squareyards,Mulund West,Mumbai,3,75000.0,per_month,1260,15.0,semi-furnished,https://www.squareyards.com/rental-3-bhk-extra-room-1260-sq-ft-apartment-in-tridev-shopping-mall/10542443,Mulund West,19.181284,72.94923782,True,0,59.5,1.45
squareyards,Chembur,Mumbai,2,75000.0,per_month,975,6.0,semi-furnished,https://www.squareyards.com/rental-2-bhk-975-sq-ft-apartment-in-swastik-park/10527116,Chembur,19.055011,72.890199,True,0,76.9,0.29
squareyards,Goregaon West,Mumbai,1,37000.0,per_month,440,7.0,unfurnished,https://www.squareyards.com/rental-1-bhk-440-sq-ft-apartment-in-lotus-residency-goregaon-west/10441001,Goregaon West,19.149847,72.844781,True,0,84.1,4.03
squareyards,Ghatkopar West,Mumbai,1,45000.0,per_month,395,5.0,semi-furnished,https://www.squareyards.com/rental-1-bhk-basement-395-sq-ft-apartment-in-prathamesh-tanishq-residency-ghatkopar/10509228,Ghatkopar West,19.08042,72.889902,True,0,113.9,2.93
squareyards,Malad East,Mumbai,5,65000.0,per_month,1050,24.0,unfurnished,https://www.squareyards.com/rental-2-5-bhk-pooja-room-extra-room-1050-sq-ft-apartment-in-dgs-sheetal-bhavan/10506536,Malad East,19.185336,72.850756,True,0,61.9,5.63
squareyards,Chembur,Mumbai,2,85000.0,per_month,740,6.0,furnished,https://www.squareyards.com/rental-2-bhk-740-sq-ft-apartment-in-hari-niwas-chembur/10506109,Chembur,19.05020225,72.88842043,True,0,114.9,0.64
squareyards,Gulmohar Road,Mumbai,3,300000.0,per_month,1350,6.0,furnished,https://www.squareyards.com/rental-3-bhk-1350-sq-ft-apartment-in-gulmohar-road/10533868,Gulmohar Road,19.1144144,72.8306691,True,0,222.2,2.63
squareyards,Chembur,Mumbai,3,115000.0,per_month,1100,4.0,unfurnished,https://www.squareyards.com/rental-3-bhk-1100-sq-ft-apartment-in-mahesh-jai-arati/10506386,Chembur,19.055537,72.890513,True,0,104.5,0.29
squareyards,Prabhadevi,Mumbai,3,250000.0,per_month,1210,14.0,unfurnished,https://www.squareyards.com/rental-3-bhk-pooja-room-study-room-store-room-1210-sq-ft-apartment-in-aristo-pearl-residency/10483915,Prabhadevi,19.01347,72.8307,True,0,206.6,0.27
squareyards,Worli,Mumbai,1,65000.0,per_month,400,15.0,furnished,https://www.squareyards.com/rental-1-bhk-400-sq-ft-apartment-in-worli-residency/10501551,Worli,19.006237,72.822921,True,0,162.5,0.47
squareyards,Chembur,Mumbai,2,75000.0,per_month,750,5.0,furnished,https://www.squareyards.com/rental-2-bhk-750-sq-ft-apartment-in-veena-serenity/10520608,Chembur,19.062717,72.892611,True,0,100.0,0.96
squareyards,Prabhadevi,Mumbai,4,650000.0,per_month,2150,20.0,unfurnished,https://www.squareyards.com/rental-4-bhk-pooja-room-study-room-store-room-2150-sq-ft-apartment-in-rustomjee-crown/10483889,Prabhadevi,19.010713,72.830626,True,0,302.3,0.58
squareyards,Powai,Mumbai,3,150000.0,per_month,1450,5.0,furnished,https://www.squareyards.com/rental-3-bhk-store-room-1450-sq-ft-apartment-in-hiranandani-gardens-eternia/10521448,Powai,19.119467,72.910025,True,0,103.4,3.52
squareyards,Chembur,Mumbai,2,75000.0,per_month,650,3.0,unfurnished,https://www.squareyards.com/rental-2-bhk-650-sq-ft-apartment-in-devnani-kailasa/10500046,Chembur,19.051074,72.889669,True,0,115.4,0.47
squareyards,Lower Parel,Mumbai,2,300000.0,per_month,1560,10.0,unfurnished,https://www.squareyards.com/rental-2-bhk-prayer-room-1560-sq-ft-apartment-in-enpar-lotus-101-worli-residences/10515458,Lower Parel,19.003329,72.824829,True,0,192.3,0.83
squareyards,Worli,Mumbai,3,420000.0,per_month,1322,20.0,unfurnished,https://www.squareyards.com/rental-3-bhk-study-room-extra-room-store-room-1322-sq-ft-apartment-in-lodha-marquise/10507479,Worli,19.006199,72.828843,True,0,317.7,1.04
squareyards,Worli,Mumbai,2,260000.0,per_month,856,25.0,furnished,https://www.squareyards.com/rental-2-bhk-prayer-room-servant-room-study-room-extra-room-basement-store-room-856-sq-ft-apartment-in-lodha-allura/10509301,Worli,19.00401,72.82973,True,0,303.7,1.21
squareyards,Dadar West,Mumbai,2,130000.0,per_month,850,20.0,semi-furnished,https://www.squareyards.com/rental-2-bhk-pooja-room-850-sq-ft-apartment-in-shri-sai-vismay/10504544,Dadar West,19.0136354304109,72.8333579261883,True,0,152.9,0.36
squareyards,Kanjurmarg West,Mumbai,2,58000.0,per_month,740,7.0,semi-furnished,https://www.squareyards.com/rental-2-bhk-740-sq-ft-apartment-in-gundecha-altura/10502074,Kanjurmarg West,19.136279,72.929861,True,0,78.4,6.01
squareyards,Goregaon West,Mumbai,5,175000.0,per_month,1450,28.0,semi-furnished,https://www.squareyards.com/rental-3-5-bhk-1450-sq-ft-apartment-in-radius-imperial-heights/10534227,Goregaon West,19.152468,72.840204,True,0,120.7,4.59
squareyards,Andheri East,Mumbai,5,45000.0,per_month,650,6.0,furnished,https://www.squareyards.com/rental-1-5-bhk-650-sq-ft-apartment-in-aashirwad-apartment-andheri/10507533,Andheri East,19.117297,72.847509,True,0,69.2,1.45
squareyards,Versova,Mumbai,2,160000.0,per_month,1100,12.0,furnished,https://www.squareyards.com/rental-2-bhk-extra-room-1100-sq-ft-apartment-in-versova/10521446,Versova,19.1320209,72.8136021,True,0,145.5,5.15
squareyards,Worli,Mumbai,3,600000.0,per_month,1546,10.0,unfurnished,https://www.squareyards.com/rental-3-bhk-study-room-store-room-1546-sq-ft-apartment-in-lodha-trump-tower/10507398,Worli,19.004355,72.82844,True,0,388.1,1.07
squareyards,Worli,Mumbai,2,200000.0,per_month,1000,3.0,unfurnished,https://www.squareyards.com/rental-2-bhk-1000-sq-ft-apartment-in-venus-chs-worli/10476304,Worli,19.000916,72.812929,True,0,200.0,0.61
squareyards,Goregaon West,Mumbai,2,63000.0,per_month,617,23.0,semi-furnished,https://www.squareyards.com/rental-2-bhk-617-sq-ft-apartment-in-chandak-34-park-estate/10534269,Goregaon West,19.167242,72.841577,True,0,102.1,5.7
squareyards,Sandesh Nagar,Mumbai,1,45000.0,per_month,400,22.0,semi-furnished,https://www.squareyards.com/rental-1-bhk-400-sq-ft-apartment-in-sandesh-nagar/10475589,Sandesh Nagar,19.0865579894721,72.8810664643325,True,0,112.5,1.89
squareyards,Mahalaxmi,Mumbai,4,700000.0,per_month,2400,40.0,unfurnished,https://www.squareyards.com/rental-4-bhk-pooja-room-study-room-store-room-2400-sq-ft-apartment-in-lokhandwala-minerva-mahalaxmi/10498764,Mahalaxmi,18.986985,72.827622,True,0,291.7,0.79
squareyards,Powai,Mumbai,3,150000.0,per_month,1450,10.0,semi-furnished,https://www.squareyards.com/rental-3-bhk-basement-store-room-1450-sq-ft-apartment-in-lnt-veridian/10526277,Powai,19.121229,72.893097,True,0,103.4,2.08
squareyards,Prabhadevi,Mumbai,5,750000.0,per_month,2475,44.0,unfurnished,https://www.squareyards.com/rental-5-bhk-pooja-room-study-room-store-room-2475-sq-ft-apartment-in-rustomjee-crown/10496753,Prabhadevi,19.010713,72.830626,True,0,303.0,0.58
squareyards,Wadala,Mumbai,1,40000.0,per_month,400,6.0,semi-furnished,https://www.squareyards.com/rental-1-bhk-400-sq-ft-apartment-in-kalpak-estate/10473179,Wadala,19.014836,72.864527,True,0,100.0,2.83
squareyards,Chembur,Mumbai,2,75000.0,per_month,720,2.0,furnished,https://www.squareyards.com/rental-2-bhk-720-sq-ft-apartment-in-akshaya-plaza/10478479,Chembur,19.060533,72.899292,True,0,104.2,0.99
squareyards,Chembur,Mumbai,2,80000.0,per_month,1000,6.0,furnished,https://www.squareyards.com/rental-2-bhk-servant-room-study-room-extra-room-1000-sq-ft-apartment-in-om-sai-chembur-nandadeep-chs/10546412,Chembur,19.057817,72.905302,True,0,80.0,0.77
squareyards,Prabhadevi,Mumbai,3,250000.0,per_month,1850,9.0,semi-furnished,https://www.squareyards.com/rental-3-bhk-extra-room-1850-sq-ft-apartment-in-ajmera-classique/10533794,Prabhadevi,19.011085,72.827505,True,1,135.1,0.64
squareyards,Chembur,Mumbai,2,75000.0,per_month,750,5.0,unfurnished,https://www.squareyards.com/rental-2-bhk-750-sq-ft-apartment-in-ameet-tower/10509359,Chembur,19.05433,72.88986,True,0,100.0,0.31
squareyards,Bandra West,Mumbai,3,130000.0,per_month,1100,1.0,semi-furnished,https://www.squareyards.com/rental-3-bhk-prayer-room-1100-sq-ft-apartment-in-bandra-west/10515269,Bandra West,19.0595596,72.8295287,True,0,118.2,2.38
squareyards,Malad West,Mumbai,1,45000.0,per_month,450,2.0,semi-furnished,https://www.squareyards.com/rental-1-bhk-store-room-450-sq-ft-apartment-in-dheeraj-pooja/10463044,Malad West,19.178195,72.83976667,True,0,100.0,6.74
squareyards,Goregaon West,Mumbai,2,80000.0,per_month,1090,3.0,semi-furnished,https://www.squareyards.com/rental-2-bhk-1090-sq-ft-apartment-in-anmol-towers/10523628,Goregaon West,19.170528,72.843357,True,0,73.4,5.89
squareyards,Ghatkopar West,Mumbai,2,82000.0,per_month,730,8.0,semi-furnished,https://www.squareyards.com/rental-2-bhk-730-sq-ft-apartment-in-kalpataru-aura/10464565,Ghatkopar West,19.0973596616911,72.9173035525092,True,0,112.3,4.25
squareyards,Wadala,Mumbai,3,170000.0,per_month,1200,18.0,semi-furnished,https://www.squareyards.com/rental-3-bhk-1200-sq-ft-apartment-in-lodha-new-cuffe-parade-dioro-and-elisium/10487704,Wadala,19.037785,72.878098,True,0,141.7,0.9
squareyards,Chembur,Mumbai,1,53000.0,per_month,408,5.0,semi-furnished,https://www.squareyards.com/rental-1-bhk-408-sq-ft-apartment-in-ashirwad-apartment-chembur/10503386,Chembur,19.059386,72.903145,True,0,129.9,0.86
squareyards,Colaba,Mumbai,1,90000.0,per_month,480,2.0,furnished,https://www.squareyards.com/rental-1-bhk-extra-room-480-sq-ft-apartment-in-pushpa-vihar-chs/10511106,Colaba,18.911584,72.822016,True,0,187.5,0.26
squareyards,Bandra East,Mumbai,3,160000.0,per_month,1600,12.0,semi-furnished,https://www.squareyards.com/rental-3-bhk-prayer-room-servant-room-study-room-extra-room-1600-sq-ft-apartment-in-dheeraj-insignia/10509091,Bandra East,19.062266,72.86457,True,0,100.0,1.05
squareyards,Kanjurmarg East,Mumbai,2,73000.0,per_month,797,22.0,semi-furnished,https://www.squareyards.com/rental-2-bhk-797-sq-ft-apartment-in-runwal-bliss/10464753,Kanjurmarg East,19.133424,72.9348,True,0,91.6,6.47
squareyards,Chembur,Mumbai,5,55000.0,per_month,620,10.0,unfurnished,https://www.squareyards.com/rental-1-5-bhk-basement-620-sq-ft-apartment-in-subhash-chs/10490668,Chembur,19.05254334,72.89162912,True,0,88.7,0.22
squareyards,Andheri West,Mumbai,2,95000.0,per_month,750,3.0,unfurnished,https://www.squareyards.com/rental-2-bhk-750-sq-ft-apartment-in-sanjeev-enclave/10533686,Andheri West,19.13026675,72.81750143,True,0,126.7,4.7
squareyards,Goregaon East,Mumbai,2,90000.0,per_month,905,13.0,furnished,https://www.squareyards.com/rental-2-bhk-905-sq-ft-apartment-in-divine-aspen-garden/10494168,Goregaon East,19.155237,72.851275,True,0,99.4,4.02
squareyards,Chembur,Mumbai,5,95000.0,per_month,900,9.0,semi-furnished,https://www.squareyards.com/rental-2-5-bhk-900-sq-ft-apartment-in-godrej-prime/10499376,Chembur,19.063173,72.891839,True,0,105.6,1.01
squareyards,Andheri West,Mumbai,3,130000.0,per_month,1500,72.0,furnished,https://www.squareyards.com/rental-3-bhk-1500-sq-ft-apartment-in-panorama-tower/10518230,Andheri West,19.1453749,72.8238743,True,0,86.7,5.42
squareyards,Goregaon West,Mumbai,3,140000.0,per_month,1650,14.0,semi-furnished,https://www.squareyards.com/rental-3-bhk-1650-sq-ft-apartment-in-the-wadhwa-anmol-pride/10528003,Goregaon West,19.17054,72.842409,True,0,84.8,5.95
squareyards,Bhandup West,Mumbai,3,87000.0,per_month,1460,6.0,semi-furnished,https://www.squareyards.com/rental-3-bhk-1460-sq-ft-apartment-in-mahindra-lifespaces-splendour/10465164,Bhandup West,19.140886,72.933037,True,0,59.6,5.94
squareyards,Andheri West,Mumbai,3,150000.0,per_month,1200,12.0,semi-furnished,https://www.squareyards.com/rental-3-bhk-store-room-1200-sq-ft-apartment-in-shree-park-altezza/10540090,Andheri West,19.123779,72.828676,True,0,125.0,3.33
squareyards,Chembur,Mumbai,3,110000.0,per_month,1300,7.0,semi-furnished,https://www.squareyards.com/rental-3-bhk-1300-sq-ft-apartment-in-shree-krishna-navageeta/10496296,Chembur,19.055746,72.904205,True,0,84.6,0.51
squareyards,Vile Parle West,Mumbai,3,275000.0,per_month,2000,19.0,unfurnished,https://www.squareyards.com/rental-3-bhk-2000-sq-ft-apartment-in-nhp-meghdoot/10499555,Vile Parle West,19.1113842,72.82546099999999,True,0,137.5,3.06
squareyards,Vikhroli East,Mumbai,2,73000.0,per_month,850,8.0,semi-furnished,https://www.squareyards.com/rental-2-bhk-850-sq-ft-apartment-in-godrej-garden-enclave/10460654,Vikhroli East,19.103757,72.926802,True,0,85.9,5.09
squareyards,Malad East,Mumbai,2,55000.0,per_month,600,5.0,unfurnished,https://www.squareyards.com/rental-2-bhk-pooja-room-600-sq-ft-apartment-in-dgs-sheetal-tapovan/10489159,Malad East,19.180089,72.859428,True,0,91.7,6.08
squareyards,Chembur,Mumbai,2,85000.0,per_month,750,5.0,semi-furnished,https://www.squareyards.com/rental-2-bhk-750-sq-ft-apartment-in-raheja-the-harvest/10496307,Chembur,19.056044,72.903236,True,0,113.3,0.5
squareyards,Shapur Baug,Mumbai,1,75000.0,per_month,835,1.0,unfurnished,https://www.squareyards.com/rental-1-bhk-study-room-extra-room-835-sq-ft-apartment-in-wassiamull-building/10513311,Shapur Baug,18.961649,72.819807,True,0,89.8,0.25
squareyards,Malad East,Mumbai,1,45500.0,per_month,420,7.0,semi-furnished,https://www.squareyards.com/rental-1-bhk-store-room-420-sq-ft-apartment-in-je-and-vee-vrindavan/10452222,Malad East,19.177528,72.865805,True,0,108.3,5.79
squareyards,Goregaon East,Mumbai,3,150000.0,per_month,1360,15.0,furnished,https://www.squareyards.com/rental-3-bhk-1360-sq-ft-apartment-in-raheja-ridgewood/10533612,Goregaon East,19.146015,72.854033,True,0,110.3,3.04
squareyards,Chembur,Mumbai,2,75000.0,per_month,800,5.0,semi-furnished,https://www.squareyards.com/rental-2-bhk-800-sq-ft-apartment-in-madhuban-chs-chembur/10511257,Chembur,19.0502009,72.9217999,True,0,93.8,1.58
squareyards,Goregaon East,Mumbai,1,52000.0,per_month,420,20.0,furnished,https://www.squareyards.com/rental-1-bhk-store-room-420-sq-ft-apartment-in-lalani-grandeur/10444249,Goregaon East,19.1893106,72.8582058,True,0,123.8,5.06
squareyards,Chembur,Mumbai,3,120000.0,per_month,1300,10.0,semi-furnished,https://www.squareyards.com/rental-3-bhk-1300-sq-ft-apartment-in-shubham-trident/10486784,Chembur,19.05305,72.901847,True,0,92.3,0.15
squareyards,Goregaon West,Mumbai,2,63000.0,per_month,677,15.0,semi-furnished,https://www.squareyards.com/rental-2-bhk-677-sq-ft-apartment-in-ariha-signature/10525647,Goregaon West,19.159442,72.848643,True,0,93.1,4.56
squareyards,Wadala,Mumbai,2,68000.0,per_month,650,13.0,semi-furnished,https://www.squareyards.com/rental-2-bhk-basement-650-sq-ft-apartment-in-dosti-lotus/10519782,Wadala,19.0240495938634,72.8665027514191,True,0,104.6,2.74
squareyards,Colaba,Mumbai,1,75000.0,per_month,600,5.0,semi-furnished,https://www.squareyards.com/rental-1-bhk-extra-room-600-sq-ft-apartment-in-candy-castle/10502159,Colaba,18.917765,72.828714,True,0,125.0,0.85
squareyards,Goregaon West,Mumbai,2,60000.0,per_month,617,12.0,semi-furnished,https://www.squareyards.com/rental-2-bhk-617-sq-ft-apartment-in-chandak-34-park-estate/10526000,Goregaon West,19.167242,72.841577,True,0,97.2,5.7
squareyards,Jogeshwari East,Mumbai,1,55000.0,per_month,470,6.0,furnished,https://www.squareyards.com/rental-1-bhk-470-sq-ft-apartment-in-andheri-green-field-towers/10529552,Jogeshwari East,19.13881,72.8702,True,0,117.0,1.47
squareyards,Chembur,Mumbai,3,125000.0,per_month,1200,8.0,furnished,https://www.squareyards.com/rental-3-bhk-1200-sq-ft-apartment-in-safal-nav-parmanu-chs/10496252,Chembur,19.0528124128104,72.9094195814022,True,0,104.2,0.6
squareyards,Chembur,Mumbai,1,55000.0,per_month,550,5.0,semi-furnished,https://www.squareyards.com/rental-1-bhk-550-sq-ft-apartment-in-godrej-prime/10503333,Chembur,19.063173,72.891839,True,0,100.0,1.01
squareyards,Goregaon West,Mumbai,1,41000.0,per_month,450,5.0,furnished,https://www.squareyards.com/rental-1-bhk-store-room-450-sq-ft-apartment-in-galaxy-heights/10459932,Goregaon West,19.162009,72.835253,True,0,91.1,5.69
squareyards,Malad West,Mumbai,3,85000.0,per_month,900,9.0,semi-furnished,https://www.squareyards.com/rental-3-bhk-900-sq-ft-apartment-in-kabra-garnet/10520813,Malad West,19.190241,72.844093,True,0,94.4,5.32
squareyards,Malad East,Mumbai,1,40000.0,per_month,420,12.0,semi-furnished,https://www.squareyards.com/rental-1-bhk-store-room-420-sq-ft-apartment-in-dgs-sheetal-tapovan/10490291,Malad East,19.1887872,72.8586194,True,0,95.2,5.12
squareyards,Chembur,Mumbai,3,130000.0,per_month,1400,8.0,semi-furnished,https://www.squareyards.com/rental-3-bhk-1400-sq-ft-apartment-in-kukreja-golfscappe/10499370,Chembur,19.064278,72.890799,True,0,92.9,1.15
squareyards,Chembur,Mumbai,3,100000.0,per_month,1100,5.0,semi-furnished,https://www.squareyards.com/rental-3-bhk-1100-sq-ft-apartment-in-anusmera-residences/10487677,Chembur,19.057051,72.909363,True,0,90.9,0.99
squareyards,Andheri West,Mumbai,3,140000.0,per_month,1150,12.0,furnished,https://www.squareyards.com/rental-1150-sq-ft-apartment-in-sunteck-gilbird/10496793,Andheri West,19.122741,72.839941,True,0,121.7,2.39
squareyards,Ghatkopar West,Mumbai,1,43000.0,per_month,410,7.0,furnished,https://www.squareyards.com/rental-1-bhk-410-sq-ft-apartment-in-sanyam-ashok-odyssey-a-wing/10464670,Ghatkopar West,19.095964,72.913279,True,0,104.9,3.9
squareyards,Malad West,Mumbai,3,110000.0,per_month,1065,15.0,semi-furnished,https://www.squareyards.com/rental-3-bhk-1065-sq-ft-apartment-in-sheth-auris-serenity-tower-3/10523793,Malad West,19.19163,72.836138,True,0,103.3,5.56
squareyards,Andheri West,Mumbai,2,70000.0,per_month,700,12.0,semi-furnished,https://www.squareyards.com/rental-2-bhk-700-sq-ft-apartment-in-prathamesh-krupa-kedar-darshan/10517995,Andheri West,19.133574,72.838273,True,0,100.0,3.5
squareyards,Chembur,Mumbai,3,105000.0,per_month,1200,5.0,semi-furnished,https://www.squareyards.com/rental-3-bhk-1200-sq-ft-apartment-in-safal-angan/10496260,Chembur,19.046515,72.903454,True,0,87.5,0.4
squareyards,Goregaon West,Mumbai,2,60000.0,per_month,618,21.0,semi-furnished,https://www.squareyards.com/rental-2-bhk-618-sq-ft-apartment-in-sunteck-city-avenue-2/10476727,Goregaon West,19.151208,72.847498,True,0,97.1,3.93
squareyards,Goregaon East,Mumbai,2,65000.0,per_month,690,5.0,semi-furnished,https://www.squareyards.com/rental-2-bhk-690-sq-ft-apartment-in-group-seven-rushi-heights/10536000,Goregaon East,19.179149,72.872283,True,0,94.2,5.91
squareyards,Wadala,Mumbai,2,62000.0,per_month,680,6.0,semi-furnished,https://www.squareyards.com/rental-2-bhk-680-sq-ft-apartment-in-emgee-greens-2/10478697,Wadala,19.009445,72.849446,True,0,91.2,1.91
squareyards,Goregaon West,Mumbai,3,110000.0,per_month,1088,25.0,semi-furnished,https://www.squareyards.com/rental-3-bhk-1088-sq-ft-apartment-in-sunteck-city-avenue-1/10505661,Goregaon West,19.150469,72.84766,True,0,101.1,3.86
squareyards,Malad East,Mumbai,2,55000.0,per_month,700,5.0,unfurnished,https://www.squareyards.com/rental-2-bhk-pooja-room-700-sq-ft-apartment-in-dgs-sheetal-tapovan/10448138,Malad East,19.180089,72.859428,True,0,78.6,6.08
squareyards,Chembur,Mumbai,4,160000.0,per_month,1400,5.0,semi-furnished,https://www.squareyards.com/rental-4-bhk-1400-sq-ft-apartment-in-avron-v/10531209,Chembur,19.053177,72.901483,True,0,114.3,0.17
squareyards,Goregaon West,Mumbai,2,62000.0,per_month,629,15.0,semi-furnished,https://www.squareyards.com/rental-2-bhk-629-sq-ft-apartment-in-neminath-nemi-bhavan/10501641,Goregaon West,19.150754,72.849549,True,0,98.6,3.75
squareyards,Worli,Mumbai,5,1000000.0,per_month,2900,67.0,semi-furnished,https://www.squareyards.com/rental-5-bhk-servant-room-2900-sq-ft-apartment-in-lodha-trump-tower/10495695,Worli,19.004355,72.82844,True,0,344.8,1.07
squareyards,Goregaon West,Mumbai,2,65000.0,per_month,617,6.0,semi-furnished,https://www.squareyards.com/rental-2-bhk-617-sq-ft-apartment-in-chandak-34-park-estate/10499470,Goregaon West,19.167242,72.841577,True,0,105.3,5.7
squareyards,Malad East,Mumbai,1,75000.0,per_month,350,9.0,unfurnished,https://www.squareyards.com/rental-350-sq-ft-retail-shop-in-omkar-signet/10498311,Malad East,,,False,1,214.3,
squareyards,Andheri East,Mumbai,1,59000.0,per_month,490,5.0,furnished,https://www.squareyards.com/rental-1-bhk-store-room-490-sq-ft-apartment-in-ashok-nagar-complex/10515859,Andheri East,19.1143,72.868353,True,0,120.4,0.65
squareyards,Ghatkopar West,Mumbai,3,139500.0,per_month,1055,4.0,unfurnished,https://www.squareyards.com/rental-3-bhk-1055-sq-ft-apartment-in-wadhwa-the-address-boulevard/10444259,Ghatkopar West,19.098048,72.919816,True,0,132.2,4.49
squareyards,Jogeshwari West,Mumbai,5,60000.0,per_month,550,13.0,unfurnished,https://www.squareyards.com/rental-1-5-bhk-study-room-550-sq-ft-apartment-in-paradigm-el-signora/10511928,Jogeshwari West,19.144726,72.832347,True,0,109.1,4.82
squareyards,Malad East,Mumbai,2,55000.0,per_month,950,4.0,furnished,https://www.squareyards.com/rental-2-bhk-950-sq-ft-apartment-in-sankalp-ii/10517192,Malad East,19.1765340868467,72.8695313967914,True,0,57.9,5.64
squareyards,Chembur,Mumbai,3,200000.0,per_month,1500,5.0,semi-furnished,https://www.squareyards.com/rental-3-bhk-1500-sq-ft-apartment-in-godrej-rks/10448456,Chembur,19.046815,72.907696,True,0,133.3,0.15
squareyards,Chembur,Mumbai,3,125000.0,per_month,1430,5.0,semi-furnished,https://www.squareyards.com/rental-3-bhk-1430-sq-ft-apartment-in-hiranandani-maitri-park/10442411,Chembur,19.048623,72.904923,True,0,87.4,0.23
squareyards,Andheri West,Mumbai,3,240000.0,per_month,1116,37.0,furnished,https://www.squareyards.com/rental-3-bhk-pooja-room-1116-sq-ft-apartment-in-the-park-residency-andheri/10451415,Andheri West,19.151867,72.830203,True,0,215.1,5.4
squareyards,Andheri West,Mumbai,2,75000.0,per_month,1000,92.0,furnished,https://www.squareyards.com/rental-2-bhk-1000-sq-ft-apartment-in-new-mhada-towers/10488290,Andheri West,19.138106,72.823736,True,0,75.0,4.8
squareyards,Chembur,Mumbai,3,140000.0,per_month,1300,5.0,furnished,https://www.squareyards.com/rental-3-bhk-1300-sq-ft-apartment-in-shree-krishna-navageeta/10496274,Chembur,19.055746,72.904205,True,0,107.7,0.51
squareyards,Goregaon West,Mumbai,2,81000.0,per_month,775,15.0,semi-furnished,https://www.squareyards.com/rental-2-bhk-775-sq-ft-apartment-in-ekta-tripolis/10490127,Goregaon West,19.154588,72.842697,True,0,104.5,4.55
squareyards,Chembur,Mumbai,2,70000.0,per_month,650,3.0,semi-furnished,https://www.squareyards.com/rental-2-bhk-650-sq-ft-apartment-in-sindhi-society/10442567,Chembur,19.05210853,72.89103689,True,0,107.7,0.29
squareyards,Goregaon East,Mumbai,1,30000.0,per_month,450,6.0,furnished,https://www.squareyards.com/rental-1-bhk-450-sq-ft-apartment-in-acme-apna-ghar/10516514,Goregaon East,19.178495,72.869884,True,0,66.7,5.85
squareyards,Chembur,Mumbai,5,50000.0,per_month,500,5.0,semi-furnished,https://www.squareyards.com/rental-1-5-bhk-500-sq-ft-apartment-in-bhoj-bhavan/10503396,Chembur,19.0544711417848,72.892334443609,True,0,100.0,0.06
squareyards,Goregaon West,Mumbai,5,85000.0,per_month,908,6.0,semi-furnished,https://www.squareyards.com/rental-2-5-bhk-908-sq-ft-apartment-in-ekta-tripolis/10489811,Goregaon West,19.154588,72.842697,True,0,93.6,4.55
squareyards,Andheri West,Mumbai,3,250000.0,per_month,1900,52.0,semi-furnished,https://www.squareyards.com/rental-3-bhk-1900-sq-ft-apartment-in-rustomjee-elita/10506586,Andheri West,19.12316,72.827686,True,0,131.6,3.37
squareyards,Goregaon West,Mumbai,2,63000.0,per_month,672,15.0,semi-furnished,https://www.squareyards.com/rental-2-bhk-672-sq-ft-apartment-in-chandak-stella/10505725,Goregaon West,19.172208,72.846954,True,0,93.8,5.86
squareyards,Goregaon West,Mumbai,5,70000.0,per_month,710,10.0,semi-furnished,https://www.squareyards.com/rental-2-5-bhk-710-sq-ft-apartment-in-bharat-arize/10493257,Goregaon West,19.167663,72.832131,True,0,98.6,6.37
squareyards,Chembur,Mumbai,2,90000.0,per_month,800,9.0,semi-furnished,https://www.squareyards.com/rental-2-bhk-800-sq-ft-apartment-in-shagun-krishvi-residency/10461401,Chembur,19.0520183815238,72.902723851151,True,0,112.5,0.1
squareyards,Chembur,Mumbai,2,95000.0,per_month,750,5.0,semi-furnished,https://www.squareyards.com/rental-2-bhk-750-sq-ft-apartment-in-chembur-gaothan/10449088,Chembur,19.057839,72.896969,True,0,126.7,0.6
squareyards,Goregaon West,Mumbai,2,80000.0,per_month,950,12.0,furnished,https://www.squareyards.com/rental-2-bhk-950-sq-ft-apartment-in-ashish-garden-estate/10499057,Goregaon West,19.160766,72.833757,True,0,84.2,5.71
squareyards,Malad West,Mumbai,2,80000.0,per_month,805,15.0,semi-furnished,https://www.squareyards.com/rental-2-bhk-805-sq-ft-apartment-in-sheth-auris-serenity-tower-3/10496681,Malad West,19.19163,72.836138,True,0,99.4,5.56
squareyards,Ghatkopar East,Mumbai,2,75000.0,per_month,900,22.0,semi-furnished,https://www.squareyards.com/rental-2-bhk-900-sq-ft-apartment-in-neelam-solstice/10441119,Ghatkopar East,19.073572,72.912492,True,0,83.3,2.68
squareyards,Goregaon East,Mumbai,4,145000.0,per_month,1850,9.0,furnished,https://www.squareyards.com/rental-1850-sq-ft-office-space-in-garnet-paladium/10537803,Goregaon East,,,False,1,78.4,
squareyards,Santacruz East,Mumbai,1,55000.0,per_month,550,10.0,furnished,https://www.squareyards.com/rental-1-bhk-550-sq-ft-apartment-in-fairmont-la-paradiso/10470257,Santacruz East,19.0831916121885,72.8522934931045,True,0,100.0,0.7
squareyards,Chembur,Mumbai,2,80000.0,per_month,750,11.0,unfurnished,https://www.squareyards.com/rental-2-bhk-750-sq-ft-apartment-in-chembur/10506292,Chembur,19.0522115,72.900522,True,0,106.7,0.15
squareyards,Lower Parel,Mumbai,2,325000.0,per_month,950,40.0,semi-furnished,https://www.squareyards.com/rental-2-bhk-extra-room-950-sq-ft-apartment-in-indiabulls-sky-forest/10533770,Lower Parel,19.0078,72.832977,True,0,342.1,0.93
squareyards,Chembur,Mumbai,2,83000.0,per_month,750,5.0,semi-furnished,https://www.squareyards.com/rental-2-bhk-750-sq-ft-apartment-in-tridhaatu-morya/10447423,Chembur,19.051756,72.918625,True,0,110.7,1.3
squareyards,Lower Parel,Mumbai,2,260000.0,per_month,1600,19.0,unfurnished,https://www.squareyards.com/rental-2-bhk-pooja-room-study-room-store-room-1600-sq-ft-apartment-in-enpar-lotus-101-worli-residences/10492227,Lower Parel,19.003329,72.824829,True,0,162.5,0.83
squareyards,Andheri West,Mumbai,2,70000.0,per_month,570,22.0,semi-furnished,https://www.squareyards.com/rental-2-bhk-pooja-room-servant-room-study-room-extra-room-basement-store-room-570-sq-ft-apartment-in-level-the-residences/10501116,Andheri West,19.146006,72.836274,True,0,122.8,4.52
squareyards,Mahim West,Mumbai,3,210000.0,per_month,1400,16.0,semi-furnished,https://www.squareyards.com/rental-3-bhk-extra-room-1400-sq-ft-apartment-in-shimmering-heights/10533881,Mahim West,19.0372216153893,72.8437586631216,True,0,150.0,0.23
squareyards,Malad East,Mumbai,1,47000.0,per_month,410,13.0,furnished,https://www.squareyards.com/rental-1-bhk-pooja-room-410-sq-ft-apartment-in-rizvi-cedar/10468268,Malad East,19.191098,72.862479,True,0,114.6,4.84
squareyards,Goregaon West,Mumbai,3,65000.0,per_month,1200,6.0,unfurnished,https://www.squareyards.com/rental-3-bhk-1200-sq-ft-apartment-in-chauhan-avenue/10541100,Goregaon West,19.1629924,72.8393019,True,0,54.2,5.48
squareyards,Oshiwara,Mumbai,2,120000.0,per_month,900,9.0,furnished,https://www.squareyards.com/rental-2-bhk-900-sq-ft-apartment-in-dev-leo-tower/10499270,Oshiwara,19.145734,72.832757,True,1,133.3,4.83
squareyards,Goregaon West,Mumbai,1,45000.0,per_month,440,7.0,unfurnished,https://www.squareyards.com/rental-1-bhk-440-sq-ft-apartment-in-chandak-34-park-estate/10523623,Goregaon West,19.167242,72.841577,True,0,102.3,5.7
squareyards,Deonar,Mumbai,4,300000.0,per_month,1500,8.0,semi-furnished,https://www.squareyards.com/rental-4-bhk-1500-sq-ft-apartment-in-satyam-springs/10486750,Deonar,19.050512,72.915343,True,0,200.0,0.92
squareyards,Malad West,Mumbai,2,68000.0,per_month,629,20.0,furnished,https://www.squareyards.com/rental-2-bhk-629-sq-ft-apartment-in-gurukrupa-marina-enclave/10466297,Malad West,19.202248,72.815244,True,0,108.1,6.18
squareyards,Dadar West,Mumbai,3,135000.0,per_month,1100,4.0,semi-furnished,https://www.squareyards.com/rental-3-bhk-extra-room-1100-sq-ft-apartment-in-dadar-west/10527048,Dadar West,19.0865579894721,72.8810664643325,True,0,122.7,1.89
squareyards,Chembur,Mumbai,3,130000.0,per_month,1500,11.0,furnished,https://www.squareyards.com/rental-3-bhk-servant-room-study-room-extra-room-1500-sq-ft-apartment-in-bholenath-chembur-castle/10546406,Chembur,19.051299,72.906677,True,0,86.7,0.38
squareyards,Goregaon West,Mumbai,2,65000.0,per_month,800,19.0,semi-furnished,https://www.squareyards.com/rental-2-bhk-800-sq-ft-apartment-in-chirag-vijayi-jwala/10471571,Goregaon West,19.160497,72.838856,True,0,81.2,5.3
squareyards,Goregaon West,Mumbai,2,80000.0,per_month,1090,12.0,semi-furnished,https://www.squareyards.com/rental-2-bhk-1090-sq-ft-apartment-in-anmol-towers/10453594,Goregaon West,19.170528,72.843357,True,0,73.4,5.89
squareyards,Malad West,Mumbai,2,47000.0,per_month,660,6.0,unfurnished,https://www.squareyards.com/rental-2-bhk-660-sq-ft-apartment-in-abrol-signature/10455349,Malad West,19.201347,72.816842,True,0,71.2,6.11
squareyards,Goregaon West,Mumbai,2,61000.0,per_month,700,12.0,semi-furnished,https://www.squareyards.com/rental-2-bhk-700-sq-ft-apartment-in-khodiyaar-siddharth-nagar-goodwill-chs/10454740,Goregaon West,19.1593,72.8413,True,0,87.1,5.03
squareyards,Malad West,Mumbai,2,65000.0,per_month,700,17.0,unfurnished,https://www.squareyards.com/rental-2-bhk-prayer-room-700-sq-ft-apartment-in-dotom-isle/10513803,Malad West,19.202425,72.822057,True,0,92.9,5.61
squareyards,Mahalaxmi,Mumbai,3,260000.0,per_month,1100,45.0,unfurnished,https://www.squareyards.com/rental-3-bhk-prayer-room-store-room-1100-sq-ft-apartment-in-piramal-mahalaxmi/10516623,Mahalaxmi,18.983085,72.826831,True,0,236.4,0.43
squareyards,Chembur,Mumbai,3,100000.0,per_month,1000,10.0,unfurnished,https://www.squareyards.com/rental-3-bhk-1000-sq-ft-apartment-in-chembur/10472511,Chembur,19.0522115,72.900522,True,0,100.0,0.15
squareyards,Wadala,Mumbai,3,200000.0,per_month,1550,30.0,unfurnished,https://www.squareyards.com/rental-3-bhk-extra-room-1550-sq-ft-apartment-in-lodha-new-cuffe-parade/10519641,Wadala,19.037684,72.879023,True,0,129.0,0.91
squareyards,Chembur,Mumbai,2,90000.0,per_month,800,7.0,semi-furnished,https://www.squareyards.com/rental-2-bhk-800-sq-ft-apartment-in-mohite-mrugank/10543861,Chembur,19.064213,72.890925,True,0,112.5,1.14
squareyards,Goregaon West,Mumbai,5,90000.0,per_month,908,16.0,semi-furnished,https://www.squareyards.com/rental-2-5-bhk-908-sq-ft-apartment-in-ekta-tripolis/10455140,Goregaon West,19.154588,72.842697,True,0,99.1,4.55
squareyards,Malad West,Mumbai,2,65000.0,per_month,613,9.0,semi-furnished,https://www.squareyards.com/rental-2-bhk-613-sq-ft-apartment-in-sheth-auris-bliss/10444615,Malad West,19.191742,72.837065,True,0,106.0,5.5
squareyards,Goregaon East,Mumbai,5,175000.0,per_month,1370,12.0,semi-furnished,https://www.squareyards.com/rental-3-5-bhk-store-room-1370-sq-ft-apartment-in-lodha-fiorenza/10457726,Goregaon East,19.154105,72.85579,True,0,127.7,3.65
squareyards,Goregaon West,Mumbai,3,92000.0,per_month,1022,3.0,semi-furnished,https://www.squareyards.com/rental-3-bhk-1022-sq-ft-apartment-in-the-wadhwa-anmol-fortune/10448889,Goregaon West,19.165024,72.84298,True,0,90.0,5.41
squareyards,Worli,Mumbai,3,540000.0,per_month,2200,20.0,unfurnished,https://www.squareyards.com/rental-3-bhk-pooja-room-servant-room-study-room-2200-sq-ft-apartment-in-lodha-the-world-towers-world-one-tier-2/10442769,Worli,19.00224,72.826286,True,0,245.5,1.02
squareyards,Malad West,Mumbai,3,125000.0,per_month,1150,25.0,semi-furnished,https://www.squareyards.com/rental-3-bhk-servant-room-extra-room-1150-sq-ft-apartment-in-sheth-auris-serenity-tower-3/10461751,Malad West,19.19163,72.836138,True,0,108.7,5.56
squareyards,Goregaon West,Mumbai,3,125000.0,per_month,1650,15.0,semi-furnished,https://www.squareyards.com/rental-3-bhk-1650-sq-ft-apartment-in-the-wadhwa-anmol-pride/10451711,Goregaon West,19.17054,72.842409,True,0,75.8,5.95
squareyards,Malad West,Mumbai,1,43000.0,per_month,427,9.0,semi-furnished,https://www.squareyards.com/rental-1-bhk-427-sq-ft-apartment-in-kabra-garnet/10472096,Malad West,19.190241,72.844093,True,0,100.7,5.32
squareyards,Goregaon West,Mumbai,2,65000.0,per_month,618,6.0,semi-furnished,https://www.squareyards.com/rental-2-bhk-618-sq-ft-apartment-in-sunteck-city-avenue-2/10456059,Goregaon West,19.151208,72.847498,True,0,105.2,3.93
squareyards,Chembur,Mumbai,3,145000.0,per_month,1327,3.0,unfurnished,https://www.squareyards.com/rental-3-bhk-pooja-room-1327-sq-ft-apartment-in-rna-continental/10478435,Chembur,19.058636,72.904206,True,0,109.3,0.81
squareyards,Malad West,Mumbai,2,55000.0,per_month,700,1.0,furnished,https://www.squareyards.com/rental-2-bhk-700-sq-ft-apartment-in-malad-gokul-chs/10494448,Malad West,19.196328,72.845351,True,0,78.6,4.65
squareyards,Wadala,Mumbai,3,200000.0,per_month,1322,23.0,unfurnished,https://www.squareyards.com/rental-3-bhk-prayer-room-study-room-store-room-1322-sq-ft-apartment-in-lodha-new-cuffe-parade/10520428,Wadala,19.037684,72.879023,True,0,151.3,0.91
squareyards,Malad West,Mumbai,2,60000.0,per_month,730,25.0,semi-furnished,https://www.squareyards.com/rental-2-bhk-730-sq-ft-apartment-in-shreeji-atlantis/10451821,Malad West,19.197149,72.837362,True,0,82.2,4.97
squareyards,Mahalaxmi,Mumbai,4,420000.0,per_month,1850,30.0,unfurnished,https://www.squareyards.com/rental-4-bhk-prayer-room-study-room-store-room-1850-sq-ft-apartment-in-piramal-mahalaxmi/10516619,Mahalaxmi,18.983085,72.826831,True,0,227.0,0.43
squareyards,Mulund West,Mumbai,3,65000.0,per_month,1080,10.0,semi-furnished,https://www.squareyards.com/rental-3-bhk-store-room-1080-sq-ft-apartment-in-marathon-galaxy/10545648,Mulund West,19.150939,72.943155,True,0,60.2,4.46
squareyards,Lower Parel,Mumbai,1,58000.0,per_month,400,12.0,furnished,https://www.squareyards.com/rental-1-bhk-400-sq-ft-apartment-in-lodha-complex-lower-parel/10501523,Lower Parel,19.003288,72.82999,True,0,145.0,1.27
squareyards,Malad West,Mumbai,2,60000.0,per_month,620,18.0,furnished,https://www.squareyards.com/rental-2-bhk-620-sq-ft-apartment-in-gurukrupa-marina-enclave-wing-k-and-l-phase-i/10455472,Malad West,19.202248,72.815244,True,0,96.8,6.18
squareyards,Andheri West,Mumbai,3,125000.0,per_month,950,9.0,furnished,https://www.squareyards.com/rental-3-bhk-950-sq-ft-apartment-in-dlh-swapnadeep/10537116,Andheri West,19.125058,72.842295,True,1,131.6,2.47
squareyards,Chembur,Mumbai,2,77000.0,per_month,750,5.0,semi-furnished,https://www.squareyards.com/rental-2-bhk-750-sq-ft-apartment-in-godrej-prime/10536125,Chembur,19.063173,72.891839,True,0,102.7,1.01
squareyards,Goregaon East,Mumbai,3,135000.0,per_month,1400,18.0,furnished,https://www.squareyards.com/rental-3-bhk-1400-sq-ft-apartment-in-arkade-aspire/10458401,Goregaon East,19.161617,72.855297,True,0,96.4,4.41
squareyards,Malad East,Mumbai,1,37000.0,per_month,419,14.0,unfurnished,https://www.squareyards.com/rental-1-bhk-prayer-room-study-room-419-sq-ft-apartment-in-dgs-sheetal-tapovan/10508496,Malad East,19.180089,72.859428,True,0,88.3,6.08
squareyards,Goregaon East,Mumbai,1,47000.0,per_month,440,6.0,semi-furnished,https://www.squareyards.com/rental-1-bhk-store-room-440-sq-ft-apartment-in-vrindavan-society-goregaon/10457514,Goregaon East,19.1544212924512,72.88634604823,True,0,106.8,3.43
squareyards,Kanjurmarg East,Mumbai,2,60000.0,per_month,650,3.0,semi-furnished,https://www.squareyards.com/rental-2-bhk-650-sq-ft-apartment-in-n-g-royal-park/10546723,Kanjurmarg East,19.129465,72.932323,True,0,92.3,6.11
squareyards,Goregaon West,Mumbai,2,75000.0,per_month,915,20.0,semi-furnished,https://www.squareyards.com/rental-2-bhk-915-sq-ft-apartment-in-yug-dharma-cooperative-hsg-society/10464529,Goregaon West,19.170677,72.839021,True,0,82.0,6.16
squareyards,Malad East,Mumbai,2,75000.0,per_month,905,24.0,semi-furnished,https://www.squareyards.com/rental-2-bhk-store-room-905-sq-ft-apartment-in-dynamix-divum/10478399,Malad East,19.178041,72.871778,True,0,82.9,5.79
squareyards,Andheri West,Mumbai,1,100000.0,per_month,500,9.0,semi-furnished,https://www.squareyards.com/rental-500-sq-ft-office-space-in-morya-blue-moon/10536672,Andheri West,,,False,1,200.0,
squareyards,Malad West,Mumbai,2,60000.0,per_month,700,2.0,furnished,https://www.squareyards.com/rental-2-bhk-pooja-room-700-sq-ft-apartment-in-hdil-dheeraj-diamond/10458350,Malad West,19.180692,72.837633,True,0,85.7,6.57
squareyards,Malad West,Mumbai,2,65000.0,per_month,700,8.0,furnished,https://www.squareyards.com/rental-2-bhk-extra-room-700-sq-ft-apartment-in-k-raheja-palm-court-j-building/10454501,Malad West,19.185972,72.834183,True,0,92.9,6.2
squareyards,Chembur,Mumbai,3,86000.0,per_month,1700,6.0,unfurnished,https://www.squareyards.com/rental-3-bhk-1700-sq-ft-apartment-in-mm-spectra/10504044,Chembur,19.061971,72.893548,True,0,50.6,0.88
squareyards,Goregaon West,Mumbai,3,82000.0,per_month,1500,5.0,semi-furnished,https://www.squareyards.com/rental-3-bhk-1500-sq-ft-apartment-in-raheja-solitaire/10446871,Goregaon West,19.173289,72.847284,True,0,54.7,5.95
squareyards,Malad West,Mumbai,1,36000.0,per_month,450,6.0,unfurnished,https://www.squareyards.com/rental-1-bhk-450-sq-ft-apartment-in-sonata-apartments/10455038,Malad West,19.200804,72.816929,True,0,80.0,6.14
squareyards,Goregaon West,Mumbai,2,82000.0,per_month,775,29.0,semi-furnished,https://www.squareyards.com/rental-2-bhk-775-sq-ft-apartment-in-ekta-tripolis/10445720,Goregaon West,19.154588,72.842697,True,0,105.8,4.55
squareyards,Lower Parel,Mumbai,2,115000.0,per_month,842,22.0,semi-furnished,https://www.squareyards.com/rental-2-bhk-study-room-842-sq-ft-apartment-in-the-baya-central/10502275,Lower Parel,18.995787,72.828903,True,0,136.6,0.96
squareyards,Goregaon West,Mumbai,2,73000.0,per_month,672,6.0,furnished,https://www.squareyards.com/rental-2-bhk-672-sq-ft-apartment-in-chandak-stella/10472032,Goregaon West,19.172208,72.846954,True,0,108.6,5.86
squareyards,Mahim West,Mumbai,2,130000.0,per_month,560,17.0,semi-furnished,https://www.squareyards.com/rental-2-bhk-pooja-room-extra-room-store-room-560-sq-ft-apartment-in-prescon-midtown-bay/10506661,Mahim West,19.03598,72.840055,True,0,232.1,0.34
squareyards,Wadala,Mumbai,3,210000.0,per_month,1319,16.0,unfurnished,https://www.squareyards.com/rental-3-bhk-prayer-room-store-room-1319-sq-ft-apartment-in-lodha-new-cuffe-parade/10520446,Wadala,19.037684,72.879023,True,0,159.2,0.91
squareyards,Lower Parel,Mumbai,3,411000.0,per_month,1277,25.0,unfurnished,https://www.squareyards.com/rental-3-bhk-prayer-room-store-room-1277-sq-ft-apartment-in-enpar-lotus-101-worli-residences/10513642,Lower Parel,19.003329,72.824829,True,0,321.8,0.83
squareyards,Goregaon East,Mumbai,3,95000.0,per_month,1400,18.0,furnished,https://www.squareyards.com/rental-3-bhk-1400-sq-ft-apartment-in-chandak-paloma/10461231,Goregaon East,19.16818,72.853134,True,0,67.9,5.17
squareyards,Malad West,Mumbai,1,50000.0,per_month,420,1.0,furnished,https://www.squareyards.com/rental-1-bhk-pooja-room-420-sq-ft-apartment-in-k-rahega-palm-springs/10448227,Malad West,19.1866274309697,72.835110044883,True,0,119.0,6.09
squareyards,Shivaji Nagar,Mumbai,5,110000.0,per_month,1020,12.0,semi-furnished,https://www.squareyards.com/rental-3-5-bhk-study-room-1020-sq-ft-apartment-in-shivaji-nagar/10540546,Shivaji Nagar,19.1759432,72.8622558,True,0,107.8,5.68
squareyards,Goregaon East,Mumbai,1,27000.0,per_month,425,16.0,furnished,https://www.squareyards.com/rental-studio-425-sq-ft-apartment-in-royal-palms-garden-view/10507088,Goregaon East,19.153049,72.886561,True,0,63.5,3.3
squareyards,Malad West,Mumbai,1,45000.0,per_month,485,22.0,unfurnished,https://www.squareyards.com/rental-1-bhk-store-room-485-sq-ft-apartment-in-ajmera-boulevard/10445656,Malad West,19.191133,72.837761,True,0,92.8,5.52
squareyards,Mulund West,Mumbai,3,80000.0,per_month,1100,12.0,semi-furnished,https://www.squareyards.com/rental-3-bhk-1100-sq-ft-apartment-in-sheth-montana/10506234,Mulund West,19.170312,72.936647,True,0,72.7,3.21
squareyards,Worli,Mumbai,3,530000.0,per_month,1880,25.0,unfurnished,https://www.squareyards.com/rental-3-bhk-pooja-room-store-room-1880-sq-ft-apartment-in-lodha-world-crest/10492171,Worli,19.002554,72.826363,True,0,281.9,1.0
squareyards,Worli,Mumbai,3,280000.0,per_month,1100,9.0,unfurnished,https://www.squareyards.com/rental-3-bhk-pooja-room-study-room-store-room-1100-sq-ft-apartment-in-lodha-the-park/10493751,Worli,19.006066,72.829268,True,0,254.5,1.09
squareyards,Chembur,Mumbai,2,70000.0,per_month,800,4.0,semi-furnished,https://www.squareyards.com/rental-2-bhk-study-room-800-sq-ft-apartment-in-ruparel-orion/10533740,Chembur,19.058527,72.890867,True,0,87.5,0.53
squareyards,Govandi,Mumbai,3,125000.0,per_month,1400,8.0,furnished,https://www.squareyards.com/rental-3-bhk-1400-sq-ft-apartment-in-temple-view-govandi/10543896,Govandi,19.06845,72.90581,True,0,89.3,1.91
squareyards,Andheri West,Mumbai,1,135000.0,per_month,650,9.0,furnished,https://www.squareyards.com/rental-650-sq-ft-office-space-in-laxmi-plaza-andheri/10517265,Andheri West,,,False,1,207.7,
squareyards,Andheri West,Mumbai,2,80000.0,per_month,1000,2.0,furnished,https://www.squareyards.com/rental-2-bhk-1000-sq-ft-apartment-in-serenity-complex/10456077,Andheri West,19.148253,72.834308,True,0,80.0,4.82
squareyards,Chembur,Mumbai,5,55000.0,per_month,550,5.0,unfurnished,https://www.squareyards.com/rental-1-5-bhk-550-sq-ft-apartment-in-sindhi-society/10527130,Chembur,19.0506169,72.88792959999999,True,0,100.0,0.64
squareyards,Goregaon West,Mumbai,2,65000.0,per_month,805,22.0,semi-furnished,https://www.squareyards.com/rental-2-bhk-805-sq-ft-apartment-in-sunteck-avenue-2/10447533,Goregaon West,19.150452,72.846794,True,0,80.7,3.92
squareyards,Malad East,Mumbai,1,25000.0,per_month,200,9.0,furnished,https://www.squareyards.com/rental-200-sq-ft-office-space-in-express-zone/10498336,Malad East,,,False,1,125.0,
squareyards,Mahalaxmi,Mumbai,3,340000.0,per_month,2100,36.0,unfurnished,https://www.squareyards.com/rental-3-bhk-prayer-room-2100-sq-ft-apartment-in-lokhandwala-minerva-mahalaxmi/10519102,Mahalaxmi,18.986985,72.827622,True,0,161.9,0.79
squareyards,Andheri East,Mumbai,2,80000.0,per_month,950,2.0,furnished,https://www.squareyards.com/rental-2-bhk-basement-950-sq-ft-apartment-in-takshila-chs/10541651,Andheri East,19.131617,72.868086,True,0,84.2,0.86
